timestamp,machine_id,power_kw,production_rate_ppm,temperature_c,sec_kwh_per_unit,is_anomaly
2026-09-10 09:01:24.926560,Machine_A,2.15,11,37.8,11.725,0
2026-09-10 09:01:24.926560,Machine_B,3.94,9,50.7,26.281,0
2026-09-10 09:01:24.926560,Machine_C,2.64,8,40.8,19.777,0
2026-09-10 09:02:24.926560,Machine_A,2.11,10,37.8,12.648,0
2026-09-10 09:02:24.926560,Machine_B,3.63,8,46.9,27.193,0
2026-09-10 09:02:24.926560,Machine_C,2.4,9,39.6,16.022,0
2026-09-10 09:03:24.926560,Machine_A,2.06,11,36.9,11.221,0
2026-09-10 09:03:24.926560,Machine_B,4.24,10,47.5,25.438,0
2026-09-10 09:03:24.926560,Machine_C,2.4,7,40.4,20.54,0
2026-09-10 09:04:24.926560,Machine_A,1.98,11,38.6,10.827,0
2026-09-10 09:04:24.926560,Machine_B,5.38,9,62.4,35.841,1
2026-09-10 09:04:24.926560,Machine_C,2.4,9,38.9,15.987,0
2026-09-10 09:05:24.926560,Machine_A,2.06,10,36.3,12.368,0
2026-09-10 09:05:24.926560,Machine_B,3.42,9,50.2,22.803,0
2026-09-10 09:05:24.926560,Machine_C,2.33,8,40.1,17.481,0
2026-09-10 09:06:24.926560,Machine_A,2.12,11,39.3,11.574,0
2026-09-10 09:06:24.926560,Machine_B,3.77,8,47.4,28.24,0
2026-09-10 09:06:24.926560,Machine_C,2.33,7,41.1,19.979,0
2026-09-10 09:07:24.926560,Machine_A,2.13,9,37.4,14.216,0
2026-09-10 09:07:24.926560,Machine_B,3.79,8,47.4,28.402,0
2026-09-10 09:07:24.926560,Machine_C,2.55,7,40.9,21.897,0
2026-09-10 09:08:24.926560,Machine_A,2.17,10,38.3,13.019,0
2026-09-10 09:08:24.926560,Machine_B,3.35,10,50.2,20.085,0
2026-09-10 09:08:24.926560,Machine_C,2.58,8,39.1,19.327,0
2026-09-10 09:09:24.926560,Machine_A,2.09,9,39.5,13.952,0
2026-09-10 09:09:24.926560,Machine_B,3.52,9,49.6,23.466,0
2026-09-10 09:09:24.926560,Machine_C,2.01,8,40.8,15.053,0
2026-09-10 09:10:24.926560,Machine_A,1.96,11,37.6,10.701,0
2026-09-10 09:10:24.926560,Machine_B,4.59,9,45.9,30.6,0
2026-09-10 09:10:24.926560,Machine_C,2.53,7,42.3,21.693,0
2026-09-10 09:11:24.926560,Machine_A,2.02,10,37.2,12.115,0
2026-09-10 09:11:24.926560,Machine_B,3.36,8,49.8,25.199,0
2026-09-10 09:11:24.926560,Machine_C,2.32,8,40.5,17.404,0
2026-09-10 09:12:24.926560,Machine_A,2.07,11,39.1,11.267,0
2026-09-10 09:12:24.926560,Machine_B,3.71,8,49.3,27.804,0
2026-09-10 09:12:24.926560,Machine_C,2.2,8,39.0,16.482,0
2026-09-10 09:13:24.926560,Machine_A,1.83,9,38.5,12.23,0
2026-09-10 09:13:24.926560,Machine_B,3.47,10,49.8,20.827,0
2026-09-10 09:13:24.926560,Machine_C,2.45,7,38.5,20.959,0
2026-09-10 09:14:24.926560,Machine_A,2.1,10,38.0,12.591,0
2026-09-10 09:14:24.926560,Machine_B,4.13,8,50.0,30.945,0
2026-09-10 09:14:24.926560,Machine_C,2.42,8,39.6,18.115,0
2026-09-10 09:15:24.926560,Machine_A,2.06,9,37.9,13.705,0
2026-09-10 09:15:24.926560,Machine_B,4.23,8,50.1,31.725,0
2026-09-10 09:15:24.926560,Machine_C,2.57,9,40.8,17.143,0
2026-09-10 09:16:24.926560,Machine_A,2.17,9,37.1,14.485,0
2026-09-10 09:16:24.926560,Machine_B,4.22,10,50.8,25.329,0
2026-09-10 09:16:24.926560,Machine_C,2.33,9,40.4,15.557,0
2026-09-10 09:17:24.926560,Machine_A,2.27,11,39.3,12.385,0
2026-09-10 09:17:24.926560,Machine_B,4.07,10,49.2,24.398,0
2026-09-10 09:17:24.926560,Machine_C,2.26,8,41.5,16.966,0
2026-09-10 09:18:24.926560,Machine_A,2.15,9,39.4,14.321,0
2026-09-10 09:18:24.926560,Machine_B,3.69,9,49.1,24.62,0
2026-09-10 09:18:24.926560,Machine_C,2.14,7,40.1,18.372,0
2026-09-10 09:19:24.926560,Machine_A,2.13,9,39.2,14.173,0
2026-09-10 09:19:24.926560,Machine_B,4.09,10,45.9,24.537,0
2026-09-10 09:19:24.926560,Machine_C,2.54,9,39.8,16.921,0
2026-09-10 09:20:24.926560,Machine_A,2.19,10,40.7,13.112,0
2026-09-10 09:20:24.926560,Machine_B,3.5,9,45.8,23.363,0
2026-09-10 09:20:24.926560,Machine_C,2.22,7,40.7,19.04,0
2026-09-10 09:21:24.926560,Machine_A,2.1,11,37.4,11.452,0
2026-09-10 09:21:24.926560,Machine_B,3.51,10,50.2,21.072,0
2026-09-10 09:21:24.926560,Machine_C,2.27,8,39.2,16.999,0
2026-09-10 09:22:24.926560,Machine_A,2.1,11,38.6,11.448,0
2026-09-10 09:22:24.926560,Machine_B,3.22,8,46.3,24.143,0
2026-09-10 09:22:24.926560,Machine_C,2.19,7,40.0,18.763,0
2026-09-10 09:23:24.926560,Machine_A,2.38,9,38.0,15.856,0
2026-09-10 09:23:24.926560,Machine_B,3.27,9,47.5,21.767,0
2026-09-10 09:23:24.926560,Machine_C,2.47,9,39.9,16.473,0
2026-09-10 09:24:24.926560,Machine_A,2.01,9,37.1,13.367,0
2026-09-10 09:24:24.926560,Machine_B,3.52,8,47.0,26.416,0
2026-09-10 09:24:24.926560,Machine_C,2.23,9,41.4,14.852,0
2026-09-10 09:25:24.926560,Machine_A,2.21,9,38.1,14.705,0
2026-09-10 09:25:24.926560,Machine_B,3.93,9,51.6,26.233,0
2026-09-10 09:25:24.926560,Machine_C,2.45,7,40.3,20.963,0
2026-09-10 09:26:24.926560,Machine_A,1.98,10,38.7,11.89,0
2026-09-10 09:26:24.926560,Machine_B,5.95,10,60.5,35.691,1
2026-09-10 09:26:24.926560,Machine_C,2.22,8,41.2,16.65,0
2026-09-10 09:27:24.926560,Machine_A,1.92,10,38.5,11.527,0
2026-09-10 09:27:24.926560,Machine_B,3.68,9,49.2,24.508,0
2026-09-10 09:27:24.926560,Machine_C,2.27,7,39.7,19.423,0
2026-09-10 09:28:24.926560,Machine_A,2.05,9,39.2,13.639,0
2026-09-10 09:28:24.926560,Machine_B,4.16,9,47.7,27.754,0
2026-09-10 09:28:24.926560,Machine_C,2.6,7,40.8,22.324,0
2026-09-10 09:29:24.926560,Machine_A,2.09,11,37.3,11.396,0
2026-09-10 09:29:24.926560,Machine_B,3.56,8,47.8,26.717,0
2026-09-10 09:29:24.926560,Machine_C,2.38,7,39.2,20.397,0
2026-09-10 09:30:24.926560,Machine_A,1.95,10,37.5,11.671,0
2026-09-10 09:30:24.926560,Machine_B,4.08,8,50.5,30.627,0
2026-09-10 09:30:24.926560,Machine_C,2.72,7,40.2,23.316,0
2026-09-10 09:31:24.926560,Machine_A,1.97,10,40.8,11.804,0
2026-09-10 09:31:24.926560,Machine_B,4.18,8,46.6,31.351,0
2026-09-10 09:31:24.926560,Machine_C,2.5,7,40.6,21.47,0
2026-09-10 09:32:24.926560,Machine_A,2.31,10,37.3,13.868,0
2026-09-10 09:32:24.926560,Machine_B,4.26,9,50.6,28.419,0
2026-09-10 09:32:24.926560,Machine_C,2.88,7,40.1,24.669,0
2026-09-10 09:33:24.926560,Machine_A,2.08,11,38.1,11.344,0
2026-09-10 09:33:24.926560,Machine_B,3.98,10,50.1,23.894,0
2026-09-10 09:33:24.926560,Machine_C,2.72,7,38.0,23.314,0
2026-09-10 09:34:24.926560,Machine_A,2.21,10,38.7,13.282,0
2026-09-10 09:34:24.926560,Machine_B,3.6,10,46.3,21.596,0
2026-09-10 09:34:24.926560,Machine_C,2.42,9,39.6,16.11,0
2026-09-10 09:35:24.926560,Machine_A,2.08,10,37.3,12.475,0
2026-09-10 09:35:24.926560,Machine_B,3.46,10,50.6,20.775,0
2026-09-10 09:35:24.926560,Machine_C,2.45,7,39.3,21.03,0
2026-09-10 09:36:24.926560,Machine_A,2.14,10,37.9,12.869,0
2026-09-10 09:36:24.926560,Machine_B,4.3,10,44.3,25.821,0
2026-09-10 09:36:24.926560,Machine_C,2.13,9,38.8,14.212,0
2026-09-10 09:37:24.926560,Machine_A,2.2,9,38.3,14.696,0
2026-09-10 09:37:24.926560,Machine_B,4.03,10,45.8,24.176,0
2026-09-10 09:37:24.926560,Machine_C,2.6,8,40.0,19.469,0
2026-09-10 09:38:24.926560,Machine_A,2.04,9,37.6,13.607,0
2026-09-10 09:38:24.926560,Machine_B,3.9,10,47.7,23.383,0
2026-09-10 09:38:24.926560,Machine_C,2.57,7,42.1,22.016,0
2026-09-10 09:39:24.926560,Machine_A,2.18,9,39.0,14.514,0
2026-09-10 09:39:24.926560,Machine_B,4.34,10,48.8,26.065,0
2026-09-10 09:39:24.926560,Machine_C,2.49,7,41.4,21.361,0
2026-09-10 09:40:24.926560,Machine_A,2.07,10,39.8,12.445,0
2026-09-10 09:40:24.926560,Machine_B,5.65,9,62.5,37.671,1
2026-09-10 09:40:24.926560,Machine_C,2.18,7,38.6,18.71,0
2026-09-10 09:41:24.926560,Machine_A,2.03,11,40.0,11.092,0
2026-09-10 09:41:24.926560,Machine_B,3.1,10,47.3,18.589,0
2026-09-10 09:41:24.926560,Machine_C,2.35,8,40.0,17.66,0
2026-09-10 09:42:24.926560,Machine_A,2.13,9,36.8,14.215,0
2026-09-10 09:42:24.926560,Machine_B,3.47,8,49.5,26.016,0
2026-09-10 09:42:24.926560,Machine_C,2.5,8,39.6,18.776,0
2026-09-10 09:43:24.926560,Machine_A,2.24,9,37.6,14.906,0
2026-09-10 09:43:24.926560,Machine_B,3.82,10,50.0,22.925,0
2026-09-10 09:43:24.926560,Machine_C,2.53,7,38.9,21.656,0
2026-09-10 09:44:24.926560,Machine_A,2.33,10,38.6,13.965,0
2026-09-10 09:44:24.926560,Machine_B,5.31,10,65.8,31.871,1
2026-09-10 09:44:24.926560,Machine_C,2.38,7,41.0,20.429,0
2026-09-10 09:45:24.926560,Machine_A,2.02,10,37.1,12.096,0
2026-09-10 09:45:24.926560,Machine_B,3.39,8,46.9,25.457,0
2026-09-10 09:45:24.926560,Machine_C,2.11,7,40.4,18.112,0
2026-09-10 09:46:24.926560,Machine_A,2.01,10,38.7,12.061,0
2026-09-10 09:46:24.926560,Machine_B,4.31,8,44.5,32.291,0
2026-09-10 09:46:24.926560,Machine_C,2.58,9,39.5,17.179,0
2026-09-10 09:47:24.926560,Machine_A,2.13,11,36.4,11.616,0
2026-09-10 09:47:24.926560,Machine_B,4.15,8,47.2,31.095,0
2026-09-10 09:47:24.926560,Machine_C,2.03,7,39.1,17.419,0
2026-09-10 09:48:24.926560,Machine_A,2.13,9,40.9,14.228,0
2026-09-10 09:48:24.926560,Machine_B,3.8,8,48.1,28.512,0
2026-09-10 09:48:24.926560,Machine_C,2.3,7,41.4,19.743,0
2026-09-10 09:49:24.926560,Machine_A,1.99,11,37.8,10.872,0
2026-09-10 09:49:24.926560,Machine_B,3.54,8,46.7,26.538,0
2026-09-10 09:49:24.926560,Machine_C,2.17,9,41.3,14.466,0
2026-09-10 09:50:24.926560,Machine_A,2.12,10,41.1,12.745,0
2026-09-10 09:50:24.926560,Machine_B,3.64,8,49.8,27.335,0
2026-09-10 09:50:24.926560,Machine_C,2.55,7,40.2,21.891,0
2026-09-10 09:51:24.926560,Machine_A,2.04,11,41.8,11.147,0
2026-09-10 09:51:24.926560,Machine_B,3.99,9,50.7,26.624,0
2026-09-10 09:51:24.926560,Machine_C,2.44,8,40.8,18.263,0
2026-09-10 09:52:24.926560,Machine_A,2.21,10,35.4,13.235,0
2026-09-10 09:52:24.926560,Machine_B,3.54,9,48.2,23.596,0
2026-09-10 09:52:24.926560,Machine_C,2.63,8,40.1,19.69,0
2026-09-10 09:53:24.926560,Machine_A,2.2,9,38.5,14.654,0
2026-09-10 09:53:24.926560,Machine_B,3.74,8,50.8,28.062,0
2026-09-10 09:53:24.926560,Machine_C,2.36,8,38.3,17.683,0
2026-09-10 09:54:24.926560,Machine_A,1.95,10,39.8,11.686,0
2026-09-10 09:54:24.926560,Machine_B,3.41,10,49.3,20.452,0
2026-09-10 09:54:24.926560,Machine_C,2.75,9,38.9,18.342,0
2026-09-10 09:55:24.926560,Machine_A,2.14,9,36.6,14.244,0
2026-09-10 09:55:24.926560,Machine_B,3.78,8,49.9,28.359,0
2026-09-10 09:55:24.926560,Machine_C,2.2,7,40.5,18.816,0
2026-09-10 09:56:24.926560,Machine_A,2.05,9,36.8,13.646,0
2026-09-10 09:56:24.926560,Machine_B,3.82,8,47.0,28.614,0
2026-09-10 09:56:24.926560,Machine_C,2.32,8,38.8,17.377,0
2026-09-10 09:57:24.926560,Machine_A,1.98,10,36.3,11.869,0
2026-09-10 09:57:24.926560,Machine_B,3.95,10,50.4,23.726,0
2026-09-10 09:57:24.926560,Machine_C,2.34,7,38.9,20.084,0
2026-09-10 09:58:24.926560,Machine_A,2.19,9,37.1,14.568,0
2026-09-10 09:58:24.926560,Machine_B,3.85,10,48.1,23.121,0
2026-09-10 09:58:24.926560,Machine_C,2.76,9,39.7,18.374,0
2026-09-10 09:59:24.926560,Machine_A,2.28,10,38.4,13.668,0
2026-09-10 09:59:24.926560,Machine_B,3.97,9,48.6,26.486,0
2026-09-10 09:59:24.926560,Machine_C,2.22,7,38.3,19.067,0
2026-09-10 10:00:24.926560,Machine_A,2.02,11,38.9,11.034,0
2026-09-10 10:00:24.926560,Machine_B,3.48,9,46.7,23.211,0
2026-09-10 10:00:24.926560,Machine_C,2.29,7,38.8,19.668,0
2026-09-10 10:01:24.926560,Machine_A,2.21,9,39.0,14.704,0
2026-09-10 10:01:24.926560,Machine_B,4.57,9,46.8,30.48,0
2026-09-10 10:01:24.926560,Machine_C,2.33,9,41.6,15.559,0
2026-09-10 10:02:24.926560,Machine_A,1.95,10,36.3,11.686,0
2026-09-10 10:02:24.926560,Machine_B,3.38,10,49.2,20.253,0
2026-09-10 10:02:24.926560,Machine_C,2.19,8,40.6,16.427,0
2026-09-10 10:03:24.926560,Machine_A,2.04,10,36.1,12.23,0
2026-09-10 10:03:24.926560,Machine_B,5.96,10,56.5,35.788,1
2026-09-10 10:03:24.926560,Machine_C,2.52,9,40.1,16.797,0
2026-09-10 10:04:24.926560,Machine_A,2.04,10,39.1,12.254,0
2026-09-10 10:04:24.926560,Machine_B,3.96,10,48.4,23.751,0
2026-09-10 10:04:24.926560,Machine_C,2.59,7,39.9,22.168,0
2026-09-10 10:05:24.926560,Machine_A,2.04,11,36.5,11.147,0
2026-09-10 10:05:24.926560,Machine_B,3.99,10,46.4,23.953,0
2026-09-10 10:05:24.926560,Machine_C,2.37,8,40.1,17.76,0
2026-09-10 10:06:24.926560,Machine_A,2.09,11,36.2,11.419,0
2026-09-10 10:06:24.926560,Machine_B,3.28,9,50.5,21.874,0
2026-09-10 10:06:24.926560,Machine_C,2.19,8,40.2,16.425,0
2026-09-10 10:07:24.926560,Machine_A,2.34,11,37.1,12.758,0
2026-09-10 10:07:24.926560,Machine_B,3.97,9,47.6,26.487,0
2026-09-10 10:07:24.926560,Machine_C,2.5,9,39.9,16.684,0
2026-09-10 10:08:24.926560,Machine_A,2.11,10,37.8,12.652,0
2026-09-10 10:08:24.926560,Machine_B,3.96,9,49.4,26.397,0
2026-09-10 10:08:24.926560,Machine_C,2.31,8,39.3,17.355,0
2026-09-10 10:09:24.926560,Machine_A,1.88,9,38.5,12.528,0
2026-09-10 10:09:24.926560,Machine_B,4.31,10,49.6,25.877,0
2026-09-10 10:09:24.926560,Machine_C,2.44,7,40.8,20.893,0
2026-09-10 10:10:24.926560,Machine_A,2.1,9,40.5,14.012,0
2026-09-10 10:10:24.926560,Machine_B,3.44,9,44.8,22.912,0
2026-09-10 10:10:24.926560,Machine_C,2.44,9,40.8,16.236,0
2026-09-10 10:11:24.926560,Machine_A,1.91,11,36.9,10.436,0
2026-09-10 10:11:24.926560,Machine_B,3.54,10,47.2,21.225,0
2026-09-10 10:11:24.926560,Machine_C,2.66,9,40.0,17.706,0
2026-09-10 10:12:24.926560,Machine_A,2.05,9,38.6,13.675,0
2026-09-10 10:12:24.926560,Machine_B,6.16,8,63.3,46.207,1
2026-09-10 10:12:24.926560,Machine_C,2.35,8,40.8,17.609,0
2026-09-10 10:13:24.926560,Machine_A,1.88,9,39.0,12.503,0
2026-09-10 10:13:24.926560,Machine_B,3.72,8,46.0,27.893,0
2026-09-10 10:13:24.926560,Machine_C,2.01,7,39.6,17.263,0
2026-09-10 10:14:24.926560,Machine_A,2.19,11,40.0,11.929,0
2026-09-10 10:14:24.926560,Machine_B,4.31,10,49.0,25.871,0
2026-09-10 10:14:24.926560,Machine_C,2.13,9,41.5,14.221,0
2026-09-10 10:15:24.926560,Machine_A,2.18,10,35.7,13.088,0
2026-09-10 10:15:24.926560,Machine_B,3.85,8,53.3,28.906,0
2026-09-10 10:15:24.926560,Machine_C,2.5,7,41.6,21.399,0
2026-09-10 10:16:24.926560,Machine_A,2.12,10,38.7,12.73,0
2026-09-10 10:16:24.926560,Machine_B,3.62,8,50.6,27.144,0
2026-09-10 10:16:24.926560,Machine_C,2.43,8,40.1,18.207,0
2026-09-10 10:17:24.926560,Machine_A,2.04,10,37.3,12.224,0
2026-09-10 10:17:24.926560,Machine_B,3.66,9,49.9,24.386,0
2026-09-10 10:17:24.926560,Machine_C,2.15,7,41.5,18.395,0
2026-09-10 10:18:24.926560,Machine_A,2.02,9,39.0,13.469,0
2026-09-10 10:18:24.926560,Machine_B,4.06,10,43.4,24.334,0
2026-09-10 10:18:24.926560,Machine_C,2.17,9,37.2,14.444,0
2026-09-10 10:19:24.926560,Machine_A,1.95,11,37.6,10.635,0
2026-09-10 10:19:24.926560,Machine_B,3.73,10,47.5,22.358,0
2026-09-10 10:19:24.926560,Machine_C,2.29,8,40.9,17.192,0
2026-09-10 10:20:24.926560,Machine_A,2.07,11,36.3,11.308,0
2026-09-10 10:20:24.926560,Machine_B,3.8,8,48.3,28.502,0
2026-09-10 10:20:24.926560,Machine_C,2.2,9,38.1,14.637,0
2026-09-10 10:21:24.926560,Machine_A,2.06,9,34.8,13.701,0
2026-09-10 10:21:24.926560,Machine_B,6.07,10,59.2,36.394,1
2026-09-10 10:21:24.926560,Machine_C,2.0,8,41.1,15.018,0
2026-09-10 10:22:24.926560,Machine_A,2.26,9,38.0,15.061,0
2026-09-10 10:22:24.926560,Machine_B,3.63,10,47.6,21.778,0
2026-09-10 10:22:24.926560,Machine_C,2.52,7,38.7,21.643,0
2026-09-10 10:23:24.926560,Machine_A,2.19,9,39.9,14.624,0
2026-09-10 10:23:24.926560,Machine_B,3.31,10,48.7,19.879,0
2026-09-10 10:23:24.926560,Machine_C,2.32,7,40.5,19.897,0
2026-09-10 10:24:24.926560,Machine_A,2.27,11,38.7,12.391,0
2026-09-10 10:24:24.926560,Machine_B,4.04,9,46.1,26.961,0
2026-09-10 10:24:24.926560,Machine_C,2.65,7,39.0,22.688,0
2026-09-10 10:25:24.926560,Machine_A,1.93,10,36.6,11.584,0
2026-09-10 10:25:24.926560,Machine_B,3.9,9,45.5,25.986,0
2026-09-10 10:25:24.926560,Machine_C,2.32,8,41.0,17.412,0
2026-09-10 10:26:24.926560,Machine_A,2.05,11,39.6,11.204,0
2026-09-10 10:26:24.926560,Machine_B,4.03,9,45.2,26.846,0
2026-09-10 10:26:24.926560,Machine_C,2.54,9,39.6,16.95,0
2026-09-10 10:27:24.926560,Machine_A,2.2,9,38.0,14.648,0
2026-09-10 10:27:24.926560,Machine_B,4.48,8,42.4,33.627,0
2026-09-10 10:27:24.926560,Machine_C,2.2,8,40.7,16.483,0
2026-09-10 10:28:24.926560,Machine_A,2.0,10,40.8,12.0,0
2026-09-10 10:28:24.926560,Machine_B,3.41,10,48.2,20.481,0
2026-09-10 10:28:24.926560,Machine_C,2.42,8,41.3,18.136,0
2026-09-10 10:29:24.926560,Machine_A,1.94,9,38.8,12.914,0
2026-09-10 10:29:24.926560,Machine_B,3.78,10,42.8,22.676,0
2026-09-10 10:29:24.926560,Machine_C,2.34,9,39.4,15.576,0
2026-09-10 10:30:24.926560,Machine_A,2.13,9,39.5,14.171,0
2026-09-10 10:30:24.926560,Machine_B,3.5,8,49.0,26.242,0
2026-09-10 10:30:24.926560,Machine_C,2.61,8,39.5,19.579,0
2026-09-10 10:31:24.926560,Machine_A,2.07,11,38.3,11.265,0
2026-09-10 10:31:24.926560,Machine_B,3.62,10,45.2,21.699,0
2026-09-10 10:31:24.926560,Machine_C,2.25,9,41.1,15.024,0
2026-09-10 10:32:24.926560,Machine_A,2.09,10,38.8,12.523,0
2026-09-10 10:32:24.926560,Machine_B,5.55,9,58.7,36.982,1
2026-09-10 10:32:24.926560,Machine_C,2.4,7,39.3,20.565,0
2026-09-10 10:33:24.926560,Machine_A,2.14,10,36.4,12.825,0
2026-09-10 10:33:24.926560,Machine_B,3.79,10,51.5,22.737,0
2026-09-10 10:33:24.926560,Machine_C,2.28,8,39.9,17.103,0
2026-09-10 10:34:24.926560,Machine_A,2.16,10,39.5,12.979,0
2026-09-10 10:34:24.926560,Machine_B,4.1,8,46.8,30.718,0
2026-09-10 10:34:24.926560,Machine_C,2.39,9,40.6,15.926,0
2026-09-10 10:35:24.926560,Machine_A,2.17,9,39.9,14.461,0
2026-09-10 10:35:24.926560,Machine_B,4.19,9,50.1,27.906,0
2026-09-10 10:35:24.926560,Machine_C,2.44,9,40.7,16.267,0
2026-09-10 10:36:24.926560,Machine_A,2.18,10,38.2,13.091,0
2026-09-10 10:36:24.926560,Machine_B,3.91,10,46.8,23.444,0
2026-09-10 10:36:24.926560,Machine_C,2.57,9,39.9,17.129,0
2026-09-10 10:37:24.926560,Machine_A,2.24,11,33.9,12.195,0
2026-09-10 10:37:24.926560,Machine_B,3.83,10,47.1,22.973,0
2026-09-10 10:37:24.926560,Machine_C,2.55,9,39.9,17.019,0
2026-09-10 10:38:24.926560,Machine_A,2.23,11,36.7,12.14,0
2026-09-10 10:38:24.926560,Machine_B,3.92,8,44.1,29.428,0
2026-09-10 10:38:24.926560,Machine_C,2.42,7,41.7,20.758,0
2026-09-10 10:39:24.926560,Machine_A,1.97,11,38.9,10.718,0
2026-09-10 10:39:24.926560,Machine_B,3.88,10,48.0,23.261,0
2026-09-10 10:39:24.926560,Machine_C,2.51,9,40.0,16.713,0
2026-09-10 10:40:24.926560,Machine_A,2.1,11,37.2,11.441,0
2026-09-10 10:40:24.926560,Machine_B,3.56,10,47.6,21.349,0
2026-09-10 10:40:24.926560,Machine_C,2.27,9,40.8,15.127,0
2026-09-10 10:41:24.926560,Machine_A,1.91,10,37.6,11.483,0
2026-09-10 10:41:24.926560,Machine_B,3.5,8,46.5,26.241,0
2026-09-10 10:41:24.926560,Machine_C,2.36,9,39.1,15.755,0
2026-09-10 10:42:24.926560,Machine_A,2.08,11,36.8,11.364,0
2026-09-10 10:42:24.926560,Machine_B,3.79,8,49.3,28.389,0
2026-09-10 10:42:24.926560,Machine_C,2.39,7,40.1,20.447,0
2026-09-10 10:43:24.926560,Machine_A,2.22,9,40.4,14.778,0
2026-09-10 10:43:24.926560,Machine_B,3.68,9,47.8,24.502,0
2026-09-10 10:43:24.926560,Machine_C,2.33,9,39.8,15.504,0
2026-09-10 10:44:24.926560,Machine_A,2.11,10,35.8,12.658,0
2026-09-10 10:44:24.926560,Machine_B,3.29,10,48.4,19.742,0
2026-09-10 10:44:24.926560,Machine_C,2.28,9,40.5,15.168,0
2026-09-10 10:45:24.926560,Machine_A,2.03,11,36.9,11.07,0
2026-09-10 10:45:24.926560,Machine_B,3.76,10,50.3,22.56,0
2026-09-10 10:45:24.926560,Machine_C,2.31,8,40.0,17.32,0
2026-09-10 10:46:24.926560,Machine_A,2.13,9,38.5,14.191,0
2026-09-10 10:46:24.926560,Machine_B,5.74,10,58.5,34.443,1
2026-09-10 10:46:24.926560,Machine_C,2.48,7,40.0,21.28,0
2026-09-10 10:47:24.926560,Machine_A,2.19,11,38.1,11.95,0
2026-09-10 10:47:24.926560,Machine_B,4.2,10,45.7,25.183,0
2026-09-10 10:47:24.926560,Machine_C,2.42,7,41.7,20.774,0
2026-09-10 10:48:24.926560,Machine_A,2.07,9,37.6,13.823,0
2026-09-10 10:48:24.926560,Machine_B,3.95,9,49.7,26.338,0
2026-09-10 10:48:24.926560,Machine_C,2.26,7,40.6,19.378,0
2026-09-10 10:49:24.926560,Machine_A,2.06,10,36.7,12.378,0
2026-09-10 10:49:24.926560,Machine_B,4.27,10,48.7,25.621,0
2026-09-10 10:49:24.926560,Machine_C,2.36,7,39.4,20.252,0
2026-09-10 10:50:24.926560,Machine_A,1.96,9,39.1,13.093,0
2026-09-10 10:50:24.926560,Machine_B,5.64,9,62.6,37.599,1
2026-09-10 10:50:24.926560,Machine_C,2.22,7,39.6,19.047,0
2026-09-10 10:51:24.926560,Machine_A,2.06,11,38.3,11.211,0
2026-09-10 10:51:24.926560,Machine_B,3.95,8,46.8,29.603,0
2026-09-10 10:51:24.926560,Machine_C,2.58,9,38.5,17.195,0
2026-09-10 10:52:24.926560,Machine_A,2.04,11,40.9,11.135,0
2026-09-10 10:52:24.926560,Machine_B,6.23,10,58.8,37.39,1
2026-09-10 10:52:24.926560,Machine_C,2.31,9,40.7,15.432,0
2026-09-10 10:53:24.926560,Machine_A,1.93,9,37.4,12.866,0
2026-09-10 10:53:24.926560,Machine_B,3.83,8,50.3,28.7,0
2026-09-10 10:53:24.926560,Machine_C,2.57,9,41.3,17.122,0
2026-09-10 10:54:24.926560,Machine_A,1.92,10,37.1,11.492,0
2026-09-10 10:54:24.926560,Machine_B,3.73,8,48.7,27.957,0
2026-09-10 10:54:24.926560,Machine_C,2.46,8,40.7,18.453,0
2026-09-10 10:55:24.926560,Machine_A,2.09,10,39.7,12.551,0
2026-09-10 10:55:24.926560,Machine_B,3.75,9,45.6,25.016,0
2026-09-10 10:55:24.926560,Machine_C,2.26,7,40.3,19.357,0
2026-09-10 10:56:24.926560,Machine_A,2.08,10,36.0,12.503,0
2026-09-10 10:56:24.926560,Machine_B,3.6,9,51.6,23.981,0
2026-09-10 10:56:24.926560,Machine_C,2.47,7,39.0,21.143,0
2026-09-10 10:57:24.926560,Machine_A,2.18,11,37.0,11.913,0
2026-09-10 10:57:24.926560,Machine_B,4.39,9,47.2,29.259,0
2026-09-10 10:57:24.926560,Machine_C,2.16,7,40.8,18.535,0
2026-09-10 10:58:24.926560,Machine_A,2.13,11,38.7,11.595,0
2026-09-10 10:58:24.926560,Machine_B,3.72,8,47.2,27.908,0
2026-09-10 10:58:24.926560,Machine_C,2.4,7,39.6,20.553,0
2026-09-10 10:59:24.926560,Machine_A,2.08,9,38.0,13.853,0
2026-09-10 10:59:24.926560,Machine_B,5.86,8,59.9,43.962,1
2026-09-10 10:59:24.926560,Machine_C,2.49,9,39.0,16.632,0
2026-09-10 11:00:24.926560,Machine_A,2.05,9,37.3,13.671,0
2026-09-10 11:00:24.926560,Machine_B,5.9,8,63.3,44.284,1
2026-09-10 11:00:24.926560,Machine_C,2.46,8,40.7,18.442,0
2026-09-10 11:01:24.926560,Machine_A,2.15,11,40.0,11.737,0
2026-09-10 11:01:24.926560,Machine_B,4.2,9,48.4,27.968,0
2026-09-10 11:01:24.926560,Machine_C,2.65,9,39.5,17.686,0
2026-09-10 11:02:24.926560,Machine_A,2.07,11,41.2,11.292,0
2026-09-10 11:02:24.926560,Machine_B,3.49,10,46.9,20.943,0
2026-09-10 11:02:24.926560,Machine_C,2.48,9,38.0,16.506,0
2026-09-10 11:03:24.926560,Machine_A,1.99,11,38.8,10.839,0
2026-09-10 11:03:24.926560,Machine_B,3.68,10,45.2,22.058,0
2026-09-10 11:03:24.926560,Machine_C,2.56,9,39.9,17.091,0
2026-09-10 11:04:24.926560,Machine_A,2.21,9,37.6,14.754,0
2026-09-10 11:04:24.926560,Machine_B,3.43,9,45.1,22.882,0
2026-09-10 11:04:24.926560,Machine_C,2.17,7,42.0,18.563,0
2026-09-10 11:05:24.926560,Machine_A,2.26,11,35.7,12.31,0
2026-09-10 11:05:24.926560,Machine_B,3.75,9,49.8,24.988,0
2026-09-10 11:05:24.926560,Machine_C,2.27,9,38.6,15.112,0
2026-09-10 11:06:24.926560,Machine_A,2.25,11,40.1,12.26,0
2026-09-10 11:06:24.926560,Machine_B,4.02,9,46.6,26.832,0
2026-09-10 11:06:24.926560,Machine_C,2.45,7,39.7,20.988,0
2026-09-10 11:07:24.926560,Machine_A,2.01,9,37.8,13.404,0
2026-09-10 11:07:24.926560,Machine_B,4.03,8,42.3,30.236,0
2026-09-10 11:07:24.926560,Machine_C,2.44,7,39.3,20.916,0
2026-09-10 11:08:24.926560,Machine_A,1.97,9,39.7,13.137,0
2026-09-10 11:08:24.926560,Machine_B,5.24,9,59.1,34.931,1
2026-09-10 11:08:24.926560,Machine_C,2.55,7,39.5,21.852,0
2026-09-10 11:09:24.926560,Machine_A,2.32,9,36.1,15.46,0
2026-09-10 11:09:24.926560,Machine_B,3.58,8,45.4,26.83,0
2026-09-10 11:09:24.926560,Machine_C,2.48,7,37.8,21.219,0
2026-09-10 11:10:24.926560,Machine_A,2.14,11,38.6,11.663,0
2026-09-10 11:10:24.926560,Machine_B,6.2,8,59.4,46.468,1
2026-09-10 11:10:24.926560,Machine_C,2.21,7,40.6,18.981,0
2026-09-10 11:11:24.926560,Machine_A,2.08,9,38.7,13.873,0
2026-09-10 11:11:24.926560,Machine_B,4.31,8,49.5,32.36,0
2026-09-10 11:11:24.926560,Machine_C,2.17,9,40.5,14.456,0
2026-09-10 11:12:24.926560,Machine_A,2.31,11,37.8,12.594,0
2026-09-10 11:12:24.926560,Machine_B,3.52,10,49.3,21.111,0
2026-09-10 11:12:24.926560,Machine_C,2.49,7,39.2,21.343,0
2026-09-10 11:13:24.926560,Machine_A,2.21,10,37.8,13.244,0
2026-09-10 11:13:24.926560,Machine_B,4.04,10,45.6,24.249,0
2026-09-10 11:13:24.926560,Machine_C,2.4,7,42.0,20.532,0
2026-09-10 11:14:24.926560,Machine_A,2.12,9,38.3,14.123,0
2026-09-10 11:14:24.926560,Machine_B,4.13,10,50.4,24.79,0
2026-09-10 11:14:24.926560,Machine_C,2.48,7,41.0,21.222,0
2026-09-10 11:15:24.926560,Machine_A,2.13,10,36.9,12.782,0
2026-09-10 11:15:24.926560,Machine_B,3.32,8,49.9,24.87,0
2026-09-10 11:15:24.926560,Machine_C,2.45,7,40.4,20.985,0
2026-09-10 11:16:24.926560,Machine_A,2.04,10,37.5,12.237,0
2026-09-10 11:16:24.926560,Machine_B,3.29,9,46.1,21.964,0
2026-09-10 11:16:24.926560,Machine_C,2.52,7,39.6,21.587,0
2026-09-10 11:17:24.926560,Machine_A,2.11,9,36.5,14.08,0
2026-09-10 11:17:24.926560,Machine_B,4.13,9,45.1,27.552,0
2026-09-10 11:17:24.926560,Machine_C,2.27,7,41.6,19.433,0
2026-09-10 11:18:24.926560,Machine_A,2.21,11,41.4,12.035,0
2026-09-10 11:18:24.926560,Machine_B,4.29,9,50.0,28.617,0
2026-09-10 11:18:24.926560,Machine_C,2.87,8,40.0,21.535,0
2026-09-10 11:19:24.926560,Machine_A,2.05,10,38.0,12.327,0
2026-09-10 11:19:24.926560,Machine_B,3.31,10,48.3,19.865,0
2026-09-10 11:19:24.926560,Machine_C,2.64,9,40.3,17.624,0
2026-09-10 11:20:24.926560,Machine_A,2.23,11,38.1,12.174,0
2026-09-10 11:20:24.926560,Machine_B,3.72,10,48.8,22.345,0
2026-09-10 11:20:24.926560,Machine_C,2.39,9,38.6,15.903,0
2026-09-10 11:21:24.926560,Machine_A,2.1,9,36.6,13.978,0
2026-09-10 11:21:24.926560,Machine_B,3.5,10,45.8,21.021,0
2026-09-10 11:21:24.926560,Machine_C,2.28,8,40.2,17.067,0
2026-09-10 11:22:24.926560,Machine_A,2.0,10,39.4,12.006,0
2026-09-10 11:22:24.926560,Machine_B,3.76,10,47.7,22.558,0
2026-09-10 11:22:24.926560,Machine_C,2.32,9,40.5,15.46,0
2026-09-10 11:23:24.926560,Machine_A,2.12,10,36.6,12.696,0
2026-09-10 11:23:24.926560,Machine_B,3.76,9,49.6,25.046,0
2026-09-10 11:23:24.926560,Machine_C,2.31,8,40.1,17.349,0
2026-09-10 11:24:24.926560,Machine_A,2.12,9,41.4,14.165,0
2026-09-10 11:24:24.926560,Machine_B,3.97,9,50.3,26.492,0
2026-09-10 11:24:24.926560,Machine_C,2.43,7,40.3,20.798,0
2026-09-10 11:25:24.926560,Machine_A,2.17,10,36.9,13.048,0
2026-09-10 11:25:24.926560,Machine_B,4.01,10,48.9,24.047,0
2026-09-10 11:25:24.926560,Machine_C,2.44,7,39.2,20.879,0
2026-09-10 11:26:24.926560,Machine_A,1.99,9,37.6,13.239,0
2026-09-10 11:26:24.926560,Machine_B,3.99,10,48.8,23.941,0
2026-09-10 11:26:24.926560,Machine_C,2.32,9,39.1,15.453,0
2026-09-10 11:27:24.926560,Machine_A,2.2,10,41.3,13.178,0
2026-09-10 11:27:24.926560,Machine_B,4.02,8,45.3,30.152,0
2026-09-10 11:27:24.926560,Machine_C,2.28,8,41.6,17.096,0
2026-09-10 11:28:24.926560,Machine_A,2.27,11,37.4,12.386,0
2026-09-10 11:28:24.926560,Machine_B,3.89,9,46.9,25.939,0
2026-09-10 11:28:24.926560,Machine_C,2.29,7,40.9,19.609,0
2026-09-10 11:29:24.926560,Machine_A,1.99,9,36.9,13.266,0
2026-09-10 11:29:24.926560,Machine_B,3.49,9,52.2,23.288,0
2026-09-10 11:29:24.926560,Machine_C,2.43,8,39.4,18.221,0
2026-09-10 11:30:24.926560,Machine_A,2.27,9,39.3,15.126,0
2026-09-10 11:30:24.926560,Machine_B,3.39,9,47.6,22.619,0
2026-09-10 11:30:24.926560,Machine_C,2.5,8,41.9,18.782,0
2026-09-10 11:31:24.926560,Machine_A,1.9,10,37.1,11.429,0
2026-09-10 11:31:24.926560,Machine_B,3.97,8,48.2,29.756,0
2026-09-10 11:31:24.926560,Machine_C,2.3,8,40.5,17.24,0
2026-09-10 11:32:24.926560,Machine_A,2.09,9,36.6,13.926,0
2026-09-10 11:32:24.926560,Machine_B,3.1,10,47.0,18.596,0
2026-09-10 11:32:24.926560,Machine_C,2.41,7,40.8,20.665,0
2026-09-10 11:33:24.926560,Machine_A,2.04,10,38.4,12.211,0
2026-09-10 11:33:24.926560,Machine_B,3.86,8,47.4,28.932,0
2026-09-10 11:33:24.926560,Machine_C,2.21,7,40.0,18.98,0
2026-09-10 11:34:24.926560,Machine_A,2.02,9,36.0,13.476,0
2026-09-10 11:34:24.926560,Machine_B,3.43,8,46.6,25.754,0
2026-09-10 11:34:24.926560,Machine_C,2.23,8,37.8,16.759,0
2026-09-10 11:35:24.926560,Machine_A,2.18,11,38.0,11.911,0
2026-09-10 11:35:24.926560,Machine_B,4.31,9,51.8,28.713,0
2026-09-10 11:35:24.926560,Machine_C,2.53,7,37.7,21.711,0
2026-09-10 11:36:24.926560,Machine_A,2.19,10,37.6,13.151,0
2026-09-10 11:36:24.926560,Machine_B,3.59,10,48.9,21.534,0
2026-09-10 11:36:24.926560,Machine_C,2.37,8,39.2,17.803,0
2026-09-10 11:37:24.926560,Machine_A,2.06,10,37.2,12.34,0
2026-09-10 11:37:24.926560,Machine_B,3.82,8,48.3,28.614,0
2026-09-10 11:37:24.926560,Machine_C,2.1,9,39.8,14.031,0
2026-09-10 11:38:24.926560,Machine_A,2.35,10,37.5,14.079,0
2026-09-10 11:38:24.926560,Machine_B,3.65,10,49.9,21.871,0
2026-09-10 11:38:24.926560,Machine_C,2.34,7,39.0,20.094,0
2026-09-10 11:39:24.926560,Machine_A,2.11,9,38.8,14.038,0
2026-09-10 11:39:24.926560,Machine_B,6.12,8,58.9,45.902,1
2026-09-10 11:39:24.926560,Machine_C,2.57,8,38.0,19.287,0
2026-09-10 11:40:24.926560,Machine_A,2.03,11,37.9,11.079,0
2026-09-10 11:40:24.926560,Machine_B,3.99,10,50.7,23.963,0
2026-09-10 11:40:24.926560,Machine_C,2.32,7,39.6,19.847,0
2026-09-10 11:41:24.926560,Machine_A,2.03,11,39.3,11.068,0
2026-09-10 11:41:24.926560,Machine_B,3.68,10,48.3,22.101,0
2026-09-10 11:41:24.926560,Machine_C,2.29,7,39.3,19.629,0
2026-09-10 11:42:24.926560,Machine_A,2.15,11,41.4,11.727,0
2026-09-10 11:42:24.926560,Machine_B,4.06,10,49.3,24.379,0
2026-09-10 11:42:24.926560,Machine_C,2.32,8,38.8,17.43,0
2026-09-10 11:43:24.926560,Machine_A,2.15,10,39.1,12.925,0
2026-09-10 11:43:24.926560,Machine_B,3.73,9,45.9,24.868,0
2026-09-10 11:43:24.926560,Machine_C,2.32,9,40.4,15.454,0
2026-09-10 11:44:24.926560,Machine_A,1.95,10,39.5,11.68,0
2026-09-10 11:44:24.926560,Machine_B,3.5,10,47.9,21.011,0
2026-09-10 11:44:24.926560,Machine_C,2.22,8,40.0,16.658,0
2026-09-10 11:45:24.926560,Machine_A,1.87,9,37.3,12.465,0
2026-09-10 11:45:24.926560,Machine_B,4.24,8,47.6,31.81,0
2026-09-10 11:45:24.926560,Machine_C,2.44,7,39.3,20.946,0
2026-09-10 11:46:24.926560,Machine_A,2.04,9,40.7,13.596,0
2026-09-10 11:46:24.926560,Machine_B,3.9,8,47.7,29.232,0
2026-09-10 11:46:24.926560,Machine_C,2.04,8,39.9,15.264,0
2026-09-10 11:47:24.926560,Machine_A,2.23,11,40.3,12.165,0
2026-09-10 11:47:24.926560,Machine_B,3.44,8,48.1,25.82,0
2026-09-10 11:47:24.926560,Machine_C,2.52,9,41.2,16.793,0
2026-09-10 11:48:24.926560,Machine_A,1.97,11,36.5,10.72,0
2026-09-10 11:48:24.926560,Machine_B,5.78,9,64.2,38.514,1
2026-09-10 11:48:24.926560,Machine_C,2.55,7,39.2,21.852,0
2026-09-10 11:49:24.926560,Machine_A,2.08,9,37.8,13.859,0
2026-09-10 11:49:24.926560,Machine_B,3.62,9,48.1,24.167,0
2026-09-10 11:49:24.926560,Machine_C,2.39,8,38.9,17.918,0
2026-09-10 11:50:24.926560,Machine_A,2.25,11,40.7,12.249,0
2026-09-10 11:50:24.926560,Machine_B,4.51,9,48.8,30.061,0
2026-09-10 11:50:24.926560,Machine_C,2.48,9,39.8,16.557,0
2026-09-10 11:51:24.926560,Machine_A,2.08,10,36.8,12.457,0
2026-09-10 11:51:24.926560,Machine_B,4.42,9,45.8,29.446,0
2026-09-10 11:51:24.926560,Machine_C,2.43,9,40.5,16.211,0
2026-09-10 11:52:24.926560,Machine_A,2.13,11,39.2,11.622,0
2026-09-10 11:52:24.926560,Machine_B,3.44,10,50.3,20.618,0
2026-09-10 11:52:24.926560,Machine_C,2.37,7,40.3,20.357,0
2026-09-10 11:53:24.926560,Machine_A,2.14,11,40.4,11.658,0
2026-09-10 11:53:24.926560,Machine_B,3.49,9,49.0,23.256,0
2026-09-10 11:53:24.926560,Machine_C,2.44,7,38.3,20.95,0
2026-09-10 11:54:24.926560,Machine_A,2.09,11,37.9,11.403,0
2026-09-10 11:54:24.926560,Machine_B,3.44,8,47.9,25.809,0
2026-09-10 11:54:24.926560,Machine_C,2.52,9,40.9,16.803,0
2026-09-10 11:55:24.926560,Machine_A,2.16,9,35.4,14.377,0
2026-09-10 11:55:24.926560,Machine_B,3.85,8,46.3,28.866,0
2026-09-10 11:55:24.926560,Machine_C,2.38,7,38.8,20.393,0
2026-09-10 11:56:24.926560,Machine_A,2.15,11,38.5,11.749,0
2026-09-10 11:56:24.926560,Machine_B,4.19,10,47.2,25.118,0
2026-09-10 11:56:24.926560,Machine_C,2.51,9,40.6,16.759,0
2026-09-10 11:57:24.926560,Machine_A,2.05,9,36.3,13.657,0
2026-09-10 11:57:24.926560,Machine_B,4.29,9,53.3,28.611,0
2026-09-10 11:57:24.926560,Machine_C,2.18,9,38.9,14.55,0
2026-09-10 11:58:24.926560,Machine_A,2.09,11,39.8,11.397,0
2026-09-10 11:58:24.926560,Machine_B,4.32,9,47.2,28.787,0
2026-09-10 11:58:24.926560,Machine_C,2.19,9,38.2,14.582,0
2026-09-10 11:59:24.926560,Machine_A,2.22,9,37.1,14.778,0
2026-09-10 11:59:24.926560,Machine_B,3.63,9,53.1,24.23,0
2026-09-10 11:59:24.926560,Machine_C,2.37,8,39.7,17.753,0
2026-09-10 12:00:24.926560,Machine_A,2.35,11,37.5,12.825,0
2026-09-10 12:00:24.926560,Machine_B,4.03,8,46.9,30.251,0
2026-09-10 12:00:24.926560,Machine_C,2.47,8,39.2,18.512,0
2026-09-10 12:01:24.926560,Machine_A,2.11,9,40.0,14.054,0
2026-09-10 12:01:24.926560,Machine_B,3.67,10,46.2,22.023,0
2026-09-10 12:01:24.926560,Machine_C,2.31,9,39.8,15.417,0
2026-09-10 12:02:24.926560,Machine_A,2.18,10,39.3,13.064,0
2026-09-10 12:02:24.926560,Machine_B,3.49,10,51.7,20.956,0
2026-09-10 12:02:24.926560,Machine_C,2.57,9,39.7,17.147,0
2026-09-10 12:03:24.926560,Machine_A,2.13,10,35.9,12.782,0
2026-09-10 12:03:24.926560,Machine_B,3.84,8,44.5,28.817,0
2026-09-10 12:03:24.926560,Machine_C,2.31,7,38.7,19.821,0
2026-09-10 12:04:24.926560,Machine_A,1.83,9,36.8,12.191,0
2026-09-10 12:04:24.926560,Machine_B,4.07,9,50.9,27.152,0
2026-09-10 12:04:24.926560,Machine_C,1.97,7,39.8,16.88,0
2026-09-10 12:05:24.926560,Machine_A,2.05,9,37.5,13.69,0
2026-09-10 12:05:24.926560,Machine_B,5.59,8,61.9,41.902,1
2026-09-10 12:05:24.926560,Machine_C,2.27,8,39.2,17.012,0
2026-09-10 12:06:24.926560,Machine_A,2.02,10,36.6,12.096,0
2026-09-10 12:06:24.926560,Machine_B,6.14,9,57.7,40.904,1
2026-09-10 12:06:24.926560,Machine_C,2.42,7,38.9,20.702,0
2026-09-10 12:07:24.926560,Machine_A,2.08,11,38.2,11.362,0
2026-09-10 12:07:24.926560,Machine_B,3.82,10,49.0,22.921,0
2026-09-10 12:07:24.926560,Machine_C,2.47,8,40.6,18.548,0
2026-09-10 12:08:24.926560,Machine_A,2.18,10,36.1,13.077,0
2026-09-10 12:08:24.926560,Machine_B,3.63,10,45.9,21.797,0
2026-09-10 12:08:24.926560,Machine_C,2.16,7,41.2,18.495,0
2026-09-10 12:09:24.926560,Machine_A,2.02,10,37.8,12.106,0
2026-09-10 12:09:24.926560,Machine_B,4.11,8,53.3,30.789,0
2026-09-10 12:09:24.926560,Machine_C,2.55,9,37.7,17.012,0
2026-09-10 12:10:24.926560,Machine_A,2.14,10,40.7,12.828,0
2026-09-10 12:10:24.926560,Machine_B,3.97,9,47.1,26.436,0
2026-09-10 12:10:24.926560,Machine_C,2.33,9,42.0,15.552,0
2026-09-10 12:11:24.926560,Machine_A,2.16,11,41.1,11.792,0
2026-09-10 12:11:24.926560,Machine_B,4.22,9,48.1,28.128,0
2026-09-10 12:11:24.926560,Machine_C,2.4,9,41.5,15.986,0
2026-09-10 12:12:24.926560,Machine_A,2.11,10,39.6,12.677,0
2026-09-10 12:12:24.926560,Machine_B,3.91,9,46.3,26.049,0
2026-09-10 12:12:24.926560,Machine_C,2.45,8,40.0,18.357,0
2026-09-10 12:13:24.926560,Machine_A,2.28,10,41.0,13.697,0
2026-09-10 12:13:24.926560,Machine_B,3.42,9,46.2,22.767,0
2026-09-10 12:13:24.926560,Machine_C,2.44,7,39.2,20.956,0
2026-09-10 12:14:24.926560,Machine_A,2.02,9,37.7,13.458,0
2026-09-10 12:14:24.926560,Machine_B,3.25,8,48.4,24.381,0
2026-09-10 12:14:24.926560,Machine_C,2.58,9,40.5,17.188,0
2026-09-10 12:15:24.926560,Machine_A,1.82,10,39.6,10.944,0
2026-09-10 12:15:24.926560,Machine_B,3.61,10,50.1,21.642,0
2026-09-10 12:15:24.926560,Machine_C,2.78,9,40.2,18.544,0
2026-09-10 12:16:24.926560,Machine_A,2.0,10,38.6,12.027,0
2026-09-10 12:16:24.926560,Machine_B,3.58,8,48.4,26.844,0
2026-09-10 12:16:24.926560,Machine_C,2.48,9,40.0,16.521,0
2026-09-10 12:17:24.926560,Machine_A,1.99,10,37.9,11.965,0
2026-09-10 12:17:24.926560,Machine_B,3.48,9,48.9,23.209,0
2026-09-10 12:17:24.926560,Machine_C,2.27,7,40.4,19.463,0
2026-09-10 12:18:24.926560,Machine_A,2.22,9,41.9,14.792,0
2026-09-10 12:18:24.926560,Machine_B,3.65,9,49.1,24.329,0
2026-09-10 12:18:24.926560,Machine_C,2.45,8,39.7,18.381,0
2026-09-10 12:19:24.926560,Machine_A,2.28,9,38.5,15.205,0
2026-09-10 12:19:24.926560,Machine_B,4.2,8,47.8,31.464,0
2026-09-10 12:19:24.926560,Machine_C,2.59,8,40.0,19.459,0
2026-09-10 12:20:24.926560,Machine_A,2.15,10,36.7,12.927,0
2026-09-10 12:20:24.926560,Machine_B,3.73,9,47.3,24.855,0
2026-09-10 12:20:24.926560,Machine_C,2.64,7,39.7,22.648,0
2026-09-10 12:21:24.926560,Machine_A,2.29,9,35.6,15.296,0
2026-09-10 12:21:24.926560,Machine_B,3.77,10,50.5,22.615,0
2026-09-10 12:21:24.926560,Machine_C,2.35,9,39.3,15.682,0
2026-09-10 12:22:24.926560,Machine_A,2.13,9,37.6,14.189,0
2026-09-10 12:22:24.926560,Machine_B,3.65,10,49.6,21.883,0
2026-09-10 12:22:24.926560,Machine_C,2.35,9,40.4,15.664,0
2026-09-10 12:23:24.926560,Machine_A,2.2,10,36.0,13.217,0
2026-09-10 12:23:24.926560,Machine_B,3.74,8,48.6,28.053,0
2026-09-10 12:23:24.926560,Machine_C,2.22,7,40.8,19.013,0
2026-09-10 12:24:24.926560,Machine_A,2.06,10,36.3,12.372,0
2026-09-10 12:24:24.926560,Machine_B,4.13,9,47.8,27.547,0
2026-09-10 12:24:24.926560,Machine_C,2.32,8,39.9,17.398,0
2026-09-10 12:25:24.926560,Machine_A,2.08,9,38.6,13.852,0
2026-09-10 12:25:24.926560,Machine_B,3.95,9,47.5,26.36,0
2026-09-10 12:25:24.926560,Machine_C,2.55,9,42.1,17.003,0
2026-09-10 12:26:24.926560,Machine_A,2.32,10,38.8,13.92,0
2026-09-10 12:26:24.926560,Machine_B,3.69,8,47.4,27.644,0
2026-09-10 12:26:24.926560,Machine_C,2.4,7,39.7,20.546,0
2026-09-10 12:27:24.926560,Machine_A,2.17,9,36.7,14.497,0
2026-09-10 12:27:24.926560,Machine_B,3.93,9,49.8,26.19,0
2026-09-10 12:27:24.926560,Machine_C,2.59,8,40.1,19.393,0
2026-09-10 12:28:24.926560,Machine_A,1.94,10,37.3,11.624,0
2026-09-10 12:28:24.926560,Machine_B,3.82,8,50.3,28.658,0
2026-09-10 12:28:24.926560,Machine_C,2.39,7,38.5,20.49,0
2026-09-10 12:29:24.926560,Machine_A,2.2,9,38.8,14.65,0
2026-09-10 12:29:24.926560,Machine_B,3.46,10,47.8,20.783,0
2026-09-10 12:29:24.926560,Machine_C,2.72,9,38.9,18.105,0
2026-09-10 12:30:24.926560,Machine_A,2.24,11,37.6,12.236,0
2026-09-10 12:30:24.926560,Machine_B,3.82,9,44.8,25.484,0
2026-09-10 12:30:24.926560,Machine_C,2.37,7,38.3,20.304,0
2026-09-10 12:31:24.926560,Machine_A,2.33,10,38.2,13.975,0
2026-09-10 12:31:24.926560,Machine_B,3.83,10,47.1,22.991,0
2026-09-10 12:31:24.926560,Machine_C,2.37,8,37.9,17.752,0
2026-09-10 12:32:24.926560,Machine_A,1.95,9,39.1,12.997,0
2026-09-10 12:32:24.926560,Machine_B,6.07,9,62.2,40.479,1
2026-09-10 12:32:24.926560,Machine_C,2.35,7,38.2,20.173,0
2026-09-10 12:33:24.926560,Machine_A,2.15,11,42.1,11.716,0
2026-09-10 12:33:24.926560,Machine_B,3.63,8,49.7,27.193,0
2026-09-10 12:33:24.926560,Machine_C,2.42,7,37.8,20.705,0
2026-09-10 12:34:24.926560,Machine_A,2.09,11,37.1,11.42,0
2026-09-10 12:34:24.926560,Machine_B,3.59,10,45.0,21.525,0
2026-09-10 12:34:24.926560,Machine_C,2.44,7,40.5,20.915,0
2026-09-10 12:35:24.926560,Machine_A,2.19,11,37.2,11.957,0
2026-09-10 12:35:24.926560,Machine_B,4.04,8,49.1,30.324,0
2026-09-10 12:35:24.926560,Machine_C,2.29,8,40.3,17.203,0
2026-09-10 12:36:24.926560,Machine_A,2.16,9,39.6,14.392,0
2026-09-10 12:36:24.926560,Machine_B,5.32,8,57.8,39.876,1
2026-09-10 12:36:24.926560,Machine_C,2.43,7,40.4,20.788,0
2026-09-10 12:37:24.926560,Machine_A,2.18,9,38.5,14.539,0
2026-09-10 12:37:24.926560,Machine_B,3.86,10,49.5,23.172,0
2026-09-10 12:37:24.926560,Machine_C,2.41,8,39.3,18.066,0
2026-09-10 12:38:24.926560,Machine_A,2.1,11,37.7,11.436,0
2026-09-10 12:38:24.926560,Machine_B,5.17,10,60.6,31.033,1
2026-09-10 12:38:24.926560,Machine_C,2.59,7,39.1,22.199,0
2026-09-10 12:39:24.926560,Machine_A,2.08,11,37.0,11.363,0
2026-09-10 12:39:24.926560,Machine_B,4.35,10,46.5,26.112,0
2026-09-10 12:39:24.926560,Machine_C,2.44,8,41.1,18.295,0
2026-09-10 12:40:24.926560,Machine_A,2.01,11,34.8,10.948,0
2026-09-10 12:40:24.926560,Machine_B,3.69,10,48.5,22.154,0
2026-09-10 12:40:24.926560,Machine_C,2.6,7,38.3,22.248,0
2026-09-10 12:41:24.926560,Machine_A,2.24,9,42.6,14.931,0
2026-09-10 12:41:24.926560,Machine_B,3.68,8,48.3,27.591,0
2026-09-10 12:41:24.926560,Machine_C,2.6,9,41.4,17.31,0
2026-09-10 12:42:24.926560,Machine_A,2.23,11,37.3,12.149,0
2026-09-10 12:42:24.926560,Machine_B,4.13,8,45.6,30.998,0
2026-09-10 12:42:24.926560,Machine_C,2.44,8,41.2,18.306,0
2026-09-10 12:43:24.926560,Machine_A,2.29,9,37.3,15.261,0
2026-09-10 12:43:24.926560,Machine_B,3.81,8,48.8,28.563,0
2026-09-10 12:43:24.926560,Machine_C,2.24,8,39.6,16.765,0
2026-09-10 12:44:24.926560,Machine_A,2.02,9,37.3,13.441,0
2026-09-10 12:44:24.926560,Machine_B,3.97,8,47.4,29.762,0
2026-09-10 12:44:24.926560,Machine_C,2.33,8,37.7,17.466,0
2026-09-10 12:45:24.926560,Machine_A,2.22,9,38.6,14.782,0
2026-09-10 12:45:24.926560,Machine_B,3.86,9,46.4,25.737,0
2026-09-10 12:45:24.926560,Machine_C,2.16,7,38.9,18.552,0
2026-09-10 12:46:24.926560,Machine_A,2.12,10,36.2,12.71,0
2026-09-10 12:46:24.926560,Machine_B,3.65,10,46.6,21.871,0
2026-09-10 12:46:24.926560,Machine_C,2.24,9,39.1,14.937,0
2026-09-10 12:47:24.926560,Machine_A,2.1,11,36.0,11.471,0
2026-09-10 12:47:24.926560,Machine_B,3.21,10,49.5,19.237,0
2026-09-10 12:47:24.926560,Machine_C,2.71,9,39.1,18.074,0
2026-09-10 12:48:24.926560,Machine_A,2.16,11,37.0,11.799,0
2026-09-10 12:48:24.926560,Machine_B,3.89,8,49.8,29.157,0
2026-09-10 12:48:24.926560,Machine_C,2.66,7,39.7,22.781,0
2026-09-10 12:49:24.926560,Machine_A,2.36,11,35.7,12.897,0
2026-09-10 12:49:24.926560,Machine_B,3.88,9,46.0,25.849,0
2026-09-10 12:49:24.926560,Machine_C,2.56,7,40.1,21.967,0
2026-09-10 12:50:24.926560,Machine_A,2.13,9,40.4,14.218,0
2026-09-10 12:50:24.926560,Machine_B,6.07,9,64.5,40.466,1
2026-09-10 12:50:24.926560,Machine_C,2.26,8,40.0,16.977,0
2026-09-10 12:51:24.926560,Machine_A,1.92,10,39.9,11.536,0
2026-09-10 12:51:24.926560,Machine_B,4.6,10,49.9,27.612,0
2026-09-10 12:51:24.926560,Machine_C,2.08,8,43.1,15.597,0
2026-09-10 12:52:24.926560,Machine_A,2.15,11,38.5,11.747,0
2026-09-10 12:52:24.926560,Machine_B,4.16,10,47.3,24.949,0
2026-09-10 12:52:24.926560,Machine_C,2.38,9,41.4,15.893,0
2026-09-10 12:53:24.926560,Machine_A,2.22,11,37.7,12.09,0
2026-09-10 12:53:24.926560,Machine_B,3.47,8,46.3,26.02,0
2026-09-10 12:53:24.926560,Machine_C,2.5,8,40.2,18.738,0
2026-09-10 12:54:24.926560,Machine_A,2.3,11,37.6,12.522,0
2026-09-10 12:54:24.926560,Machine_B,3.82,9,50.2,25.491,0
2026-09-10 12:54:24.926560,Machine_C,2.32,9,41.0,15.472,0
2026-09-10 12:55:24.926560,Machine_A,2.2,11,38.8,11.974,0
2026-09-10 12:55:24.926560,Machine_B,4.16,10,45.1,24.977,0
2026-09-10 12:55:24.926560,Machine_C,2.52,7,40.8,21.601,0
2026-09-10 12:56:24.926560,Machine_A,2.16,10,38.7,12.951,0
2026-09-10 12:56:24.926560,Machine_B,5.64,9,58.3,37.605,1
2026-09-10 12:56:24.926560,Machine_C,2.37,9,39.5,15.809,0
2026-09-10 12:57:24.926560,Machine_A,2.21,10,40.8,13.258,0
2026-09-10 12:57:24.926560,Machine_B,3.92,8,49.6,29.379,0
2026-09-10 12:57:24.926560,Machine_C,2.5,8,40.9,18.742,0
2026-09-10 12:58:24.926560,Machine_A,2.08,11,36.9,11.367,0
2026-09-10 12:58:24.926560,Machine_B,3.93,10,47.3,23.568,0
2026-09-10 12:58:24.926560,Machine_C,2.38,9,40.7,15.845,0
2026-09-10 12:59:24.926560,Machine_A,2.11,11,37.5,11.487,0
2026-09-10 12:59:24.926560,Machine_B,5.71,8,57.6,42.789,1
2026-09-10 12:59:24.926560,Machine_C,2.29,9,40.6,15.298,0
2026-09-10 13:00:24.926560,Machine_A,1.8,10,38.3,10.788,0
2026-09-10 13:00:24.926560,Machine_B,3.87,9,50.6,25.772,0
2026-09-10 13:00:24.926560,Machine_C,2.53,9,40.6,16.843,0
2026-09-10 13:01:24.926560,Machine_A,2.21,9,42.1,14.707,0
2026-09-10 13:01:24.926560,Machine_B,3.87,10,48.9,23.207,0
2026-09-10 13:01:24.926560,Machine_C,2.26,7,40.9,19.332,0
2026-09-10 13:02:24.926560,Machine_A,2.04,10,38.0,12.224,0
2026-09-10 13:02:24.926560,Machine_B,3.7,9,48.3,24.678,0
2026-09-10 13:02:24.926560,Machine_C,2.47,7,39.8,21.188,0
2026-09-10 13:03:24.926560,Machine_A,2.12,10,36.4,12.711,0
2026-09-10 13:03:24.926560,Machine_B,4.11,10,46.7,24.649,0
2026-09-10 13:03:24.926560,Machine_C,2.12,9,38.8,14.12,0
2026-09-10 13:04:24.926560,Machine_A,2.13,10,37.1,12.759,0
2026-09-10 13:04:24.926560,Machine_B,4.02,8,48.2,30.161,0
2026-09-10 13:04:24.926560,Machine_C,2.54,7,41.2,21.813,0
2026-09-10 13:05:24.926560,Machine_A,2.03,11,37.4,11.095,0
2026-09-10 13:05:24.926560,Machine_B,6.33,8,62.0,47.493,1
2026-09-10 13:05:24.926560,Machine_C,1.98,9,40.0,13.167,0
2026-09-10 13:06:24.926560,Machine_A,2.13,11,36.7,11.612,0
2026-09-10 13:06:24.926560,Machine_B,3.65,8,47.7,27.357,0
2026-09-10 13:06:24.926560,Machine_C,2.08,8,41.3,15.565,0
2026-09-10 13:07:24.926560,Machine_A,2.16,11,36.3,11.794,0
2026-09-10 13:07:24.926560,Machine_B,4.05,8,50.6,30.384,0
2026-09-10 13:07:24.926560,Machine_C,2.39,9,39.6,15.902,0
2026-09-10 13:08:24.926560,Machine_A,2.14,10,37.1,12.823,0
2026-09-10 13:08:24.926560,Machine_B,3.44,9,51.3,22.955,0
2026-09-10 13:08:24.926560,Machine_C,2.35,9,40.6,15.671,0
2026-09-10 13:09:24.926560,Machine_A,2.2,10,38.8,13.201,0
2026-09-10 13:09:24.926560,Machine_B,3.28,8,48.2,24.576,0
2026-09-10 13:09:24.926560,Machine_C,2.44,8,39.8,18.328,0
2026-09-10 13:10:24.926560,Machine_A,2.08,11,34.0,11.336,0
2026-09-10 13:10:24.926560,Machine_B,4.0,8,47.4,29.983,0
2026-09-10 13:10:24.926560,Machine_C,2.4,8,40.5,18.025,0
2026-09-10 13:11:24.926560,Machine_A,2.07,11,40.3,11.308,0
2026-09-10 13:11:24.926560,Machine_B,3.67,10,47.3,22.004,0
2026-09-10 13:11:24.926560,Machine_C,2.37,7,39.3,20.325,0
2026-09-10 13:12:24.926560,Machine_A,2.06,9,37.1,13.764,0
2026-09-10 13:12:24.926560,Machine_B,4.17,10,46.4,25.039,0
2026-09-10 13:12:24.926560,Machine_C,2.55,9,38.6,16.989,0
2026-09-10 13:13:24.926560,Machine_A,2.14,11,39.2,11.649,0
2026-09-10 13:13:24.926560,Machine_B,3.91,8,50.3,29.335,0
2026-09-10 13:13:24.926560,Machine_C,2.34,7,39.8,20.063,0
2026-09-10 13:14:24.926560,Machine_A,2.12,9,39.0,14.1,0
2026-09-10 13:14:24.926560,Machine_B,3.75,9,51.3,24.982,0
2026-09-10 13:14:24.926560,Machine_C,2.72,9,40.4,18.126,0
2026-09-10 13:15:24.926560,Machine_A,1.97,11,37.1,10.767,0
2026-09-10 13:15:24.926560,Machine_B,3.9,9,46.0,26.011,0
2026-09-10 13:15:24.926560,Machine_C,2.54,9,40.1,16.903,0
2026-09-10 13:16:24.926560,Machine_A,1.98,9,39.3,13.22,0
2026-09-10 13:16:24.926560,Machine_B,3.75,9,48.8,25.031,0
2026-09-10 13:16:24.926560,Machine_C,2.45,8,40.6,18.371,0
2026-09-10 13:17:24.926560,Machine_A,2.14,9,38.3,14.3,0
2026-09-10 13:17:24.926560,Machine_B,3.47,9,47.7,23.155,0
2026-09-10 13:17:24.926560,Machine_C,2.3,8,41.3,17.214,0
2026-09-10 13:18:24.926560,Machine_A,2.05,10,38.3,12.282,0
2026-09-10 13:18:24.926560,Machine_B,5.07,10,60.6,30.441,1
2026-09-10 13:18:24.926560,Machine_C,2.47,8,40.4,18.504,0
2026-09-10 13:19:24.926560,Machine_A,2.13,11,36.8,11.611,0
2026-09-10 13:19:24.926560,Machine_B,3.81,10,48.7,22.886,0
2026-09-10 13:19:24.926560,Machine_C,2.28,7,41.3,19.514,0
2026-09-10 13:20:24.926560,Machine_A,2.1,10,38.9,12.616,0
2026-09-10 13:20:24.926560,Machine_B,3.77,9,48.8,25.149,0
2026-09-10 13:20:24.926560,Machine_C,2.26,7,40.8,19.335,0
2026-09-10 13:21:24.926560,Machine_A,2.25,10,37.7,13.492,0
2026-09-10 13:21:24.926560,Machine_B,3.8,8,51.1,28.486,0
2026-09-10 13:21:24.926560,Machine_C,2.32,8,41.3,17.382,0
2026-09-10 13:22:24.926560,Machine_A,2.05,11,38.7,11.187,0
2026-09-10 13:22:24.926560,Machine_B,3.66,8,48.5,27.442,0
2026-09-10 13:22:24.926560,Machine_C,2.53,7,39.8,21.708,0
2026-09-10 13:23:24.926560,Machine_A,2.06,11,37.0,11.259,0
2026-09-10 13:23:24.926560,Machine_B,4.95,8,57.0,37.159,1
2026-09-10 13:23:24.926560,Machine_C,2.52,7,38.6,21.578,0
2026-09-10 13:24:24.926560,Machine_A,2.14,11,35.6,11.676,0
2026-09-10 13:24:24.926560,Machine_B,4.14,8,47.5,31.034,0
2026-09-10 13:24:24.926560,Machine_C,2.17,7,40.0,18.609,0
2026-09-10 13:25:24.926560,Machine_A,2.14,9,36.7,14.294,0
2026-09-10 13:25:24.926560,Machine_B,3.83,10,49.2,22.991,0
2026-09-10 13:25:24.926560,Machine_C,2.13,9,39.2,14.176,0
2026-09-10 13:26:24.926560,Machine_A,2.01,11,36.0,10.964,0
2026-09-10 13:26:24.926560,Machine_B,4.23,10,46.9,25.356,0
2026-09-10 13:26:24.926560,Machine_C,2.18,7,40.0,18.706,0
2026-09-10 13:27:24.926560,Machine_A,2.01,11,36.5,10.985,0
2026-09-10 13:27:24.926560,Machine_B,6.27,10,59.9,37.611,1
2026-09-10 13:27:24.926560,Machine_C,2.59,9,39.6,17.266,0
2026-09-10 13:28:24.926560,Machine_A,2.22,10,36.4,13.341,0
2026-09-10 13:28:24.926560,Machine_B,3.82,8,50.6,28.642,0
2026-09-10 13:28:24.926560,Machine_C,2.31,7,38.3,19.835,0
2026-09-10 13:29:24.926560,Machine_A,2.2,9,34.7,14.635,0
2026-09-10 13:29:24.926560,Machine_B,3.6,9,48.1,23.982,0
2026-09-10 13:29:24.926560,Machine_C,2.55,8,39.8,19.119,0
2026-09-10 13:30:24.926560,Machine_A,2.17,11,36.3,11.825,0
2026-09-10 13:30:24.926560,Machine_B,4.24,9,47.0,28.299,0
2026-09-10 13:30:24.926560,Machine_C,2.58,9,39.0,17.194,0
2026-09-10 13:31:24.926560,Machine_A,2.04,11,37.4,11.118,0
2026-09-10 13:31:24.926560,Machine_B,4.01,9,46.5,26.744,0
2026-09-10 13:31:24.926560,Machine_C,2.31,9,40.2,15.402,0
2026-09-10 13:32:24.926560,Machine_A,2.11,9,35.4,14.089,0
2026-09-10 13:32:24.926560,Machine_B,4.0,10,45.0,23.971,0
2026-09-10 13:32:24.926560,Machine_C,2.34,7,40.3,20.078,0
2026-09-10 13:33:24.926560,Machine_A,2.02,9,38.8,13.435,0
2026-09-10 13:33:24.926560,Machine_B,4.12,10,50.0,24.747,0
2026-09-10 13:33:24.926560,Machine_C,2.34,8,40.9,17.53,0
2026-09-10 13:34:24.926560,Machine_A,2.05,9,38.8,13.643,0
2026-09-10 13:34:24.926560,Machine_B,3.99,8,45.8,29.944,0
2026-09-10 13:34:24.926560,Machine_C,2.56,9,40.9,17.058,0
2026-09-10 13:35:24.926560,Machine_A,2.26,9,34.8,15.089,0
2026-09-10 13:35:24.926560,Machine_B,5.75,9,57.8,38.364,1
2026-09-10 13:35:24.926560,Machine_C,2.47,8,41.2,18.547,0
2026-09-10 13:36:24.926560,Machine_A,1.95,11,37.5,10.627,0
2026-09-10 13:36:24.926560,Machine_B,4.36,8,48.0,32.735,0
2026-09-10 13:36:24.926560,Machine_C,2.4,9,39.3,16.007,0
2026-09-10 13:37:24.926560,Machine_A,2.0,10,37.9,11.978,0
2026-09-10 13:37:24.926560,Machine_B,3.15,10,50.2,18.924,0
2026-09-10 13:37:24.926560,Machine_C,2.49,9,41.0,16.58,0
2026-09-10 13:38:24.926560,Machine_A,2.2,9,37.2,14.645,0
2026-09-10 13:38:24.926560,Machine_B,3.61,10,49.5,21.631,0
2026-09-10 13:38:24.926560,Machine_C,2.41,8,39.4,18.078,0
2026-09-10 13:39:24.926560,Machine_A,1.98,9,37.3,13.182,0
2026-09-10 13:39:24.926560,Machine_B,3.77,9,49.4,25.109,0
2026-09-10 13:39:24.926560,Machine_C,2.29,8,38.7,17.18,0
2026-09-10 13:40:24.926560,Machine_A,2.28,9,37.0,15.209,0
2026-09-10 13:40:24.926560,Machine_B,3.85,9,47.9,25.663,0
2026-09-10 13:40:24.926560,Machine_C,2.44,8,39.6,18.297,0
2026-09-10 13:41:24.926560,Machine_A,2.14,9,37.7,14.283,0
2026-09-10 13:41:24.926560,Machine_B,3.4,9,48.2,22.677,0
2026-09-10 13:41:24.926560,Machine_C,2.41,8,40.4,18.049,0
2026-09-10 13:42:24.926560,Machine_A,2.04,11,40.6,11.104,0
2026-09-10 13:42:24.926560,Machine_B,3.56,10,48.1,21.365,0
2026-09-10 13:42:24.926560,Machine_C,2.14,8,39.9,16.034,0
2026-09-10 13:43:24.926560,Machine_A,2.02,11,38.7,11.009,0
2026-09-10 13:43:24.926560,Machine_B,3.77,9,48.4,25.167,0
2026-09-10 13:43:24.926560,Machine_C,2.27,8,39.9,17.003,0
2026-09-10 13:44:24.926560,Machine_A,2.22,10,39.5,13.314,0
2026-09-10 13:44:24.926560,Machine_B,3.46,9,46.2,23.088,0
2026-09-10 13:44:24.926560,Machine_C,2.48,9,40.3,16.551,0
2026-09-10 13:45:24.926560,Machine_A,2.16,10,39.9,12.959,0
2026-09-10 13:45:24.926560,Machine_B,3.54,8,51.4,26.555,0
2026-09-10 13:45:24.926560,Machine_C,2.41,9,40.7,16.07,0
2026-09-10 13:46:24.926560,Machine_A,2.09,9,38.7,13.927,0
2026-09-10 13:46:24.926560,Machine_B,4.23,9,49.4,28.182,0
2026-09-10 13:46:24.926560,Machine_C,2.27,9,39.9,15.136,0
2026-09-10 13:47:24.926560,Machine_A,2.13,11,38.4,11.597,0
2026-09-10 13:47:24.926560,Machine_B,4.32,8,50.8,32.437,0
2026-09-10 13:47:24.926560,Machine_C,2.26,9,40.6,15.042,0
2026-09-10 13:48:24.926560,Machine_A,2.13,11,37.6,11.615,0
2026-09-10 13:48:24.926560,Machine_B,3.78,9,47.5,25.185,0
2026-09-10 13:48:24.926560,Machine_C,2.66,8,39.7,19.918,0
2026-09-10 13:49:24.926560,Machine_A,2.26,10,40.5,13.557,0
2026-09-10 13:49:24.926560,Machine_B,3.95,10,48.9,23.699,0
2026-09-10 13:49:24.926560,Machine_C,2.33,8,41.3,17.467,0
2026-09-10 13:50:24.926560,Machine_A,2.19,10,39.3,13.121,0
2026-09-10 13:50:24.926560,Machine_B,4.09,8,46.5,30.7,0
2026-09-10 13:50:24.926560,Machine_C,2.56,7,42.4,21.951,0
2026-09-10 13:51:24.926560,Machine_A,2.06,10,40.0,12.348,0
2026-09-10 13:51:24.926560,Machine_B,4.05,9,46.0,26.995,0
2026-09-10 13:51:24.926560,Machine_C,2.23,9,40.1,14.846,0
2026-09-10 13:52:24.926560,Machine_A,2.05,9,35.3,13.681,0
2026-09-10 13:52:24.926560,Machine_B,5.91,10,60.0,35.461,1
2026-09-10 13:52:24.926560,Machine_C,2.44,8,39.6,18.284,0
2026-09-10 13:53:24.926560,Machine_A,2.1,10,37.8,12.583,0
2026-09-10 13:53:24.926560,Machine_B,3.72,8,47.4,27.872,0
2026-09-10 13:53:24.926560,Machine_C,2.52,9,40.5,16.809,0
2026-09-10 13:54:24.926560,Machine_A,2.07,11,37.1,11.274,0
2026-09-10 13:54:24.926560,Machine_B,4.68,8,50.5,35.135,0
2026-09-10 13:54:24.926560,Machine_C,2.33,9,40.6,15.507,0
2026-09-10 13:55:24.926560,Machine_A,2.09,10,38.5,12.525,0
2026-09-10 13:55:24.926560,Machine_B,3.38,8,46.4,25.327,0
2026-09-10 13:55:24.926560,Machine_C,2.33,7,41.0,19.961,0
2026-09-10 13:56:24.926560,Machine_A,2.14,9,39.3,14.278,0
2026-09-10 13:56:24.926560,Machine_B,3.65,9,43.9,24.314,0
2026-09-10 13:56:24.926560,Machine_C,2.23,7,40.4,19.153,0
2026-09-10 13:57:24.926560,Machine_A,2.26,11,37.0,12.324,0
2026-09-10 13:57:24.926560,Machine_B,5.19,10,60.8,31.143,1
2026-09-10 13:57:24.926560,Machine_C,2.21,7,40.1,18.97,0
2026-09-10 13:58:24.926560,Machine_A,2.0,10,35.3,12.007,0
2026-09-10 13:58:24.926560,Machine_B,4.14,9,51.7,27.571,0
2026-09-10 13:58:24.926560,Machine_C,2.19,9,40.6,14.582,0
2026-09-10 13:59:24.926560,Machine_A,2.02,10,36.7,12.111,0
2026-09-10 13:59:24.926560,Machine_B,4.11,10,52.2,24.638,0
2026-09-10 13:59:24.926560,Machine_C,2.46,9,40.8,16.381,0
2026-09-10 14:00:24.926560,Machine_A,2.02,10,39.0,12.146,0
2026-09-10 14:00:24.926560,Machine_B,6.55,9,61.0,43.665,1
2026-09-10 14:00:24.926560,Machine_C,2.51,9,40.0,16.758,0
2026-09-10 14:01:24.926560,Machine_A,2.14,11,36.8,11.691,0
2026-09-10 14:01:24.926560,Machine_B,3.89,10,47.2,23.325,0
2026-09-10 14:01:24.926560,Machine_C,2.0,7,40.3,17.12,0
2026-09-10 14:02:24.926560,Machine_A,2.2,11,38.5,12.015,0
2026-09-10 14:02:24.926560,Machine_B,4.59,8,45.8,34.397,0
2026-09-10 14:02:24.926560,Machine_C,2.5,8,40.4,18.715,0
2026-09-10 14:03:24.926560,Machine_A,2.13,9,40.6,14.187,0
2026-09-10 14:03:24.926560,Machine_B,4.12,8,47.8,30.894,0
2026-09-10 14:03:24.926560,Machine_C,2.56,8,39.4,19.234,0
2026-09-10 14:04:24.926560,Machine_A,2.23,9,38.1,14.888,0
2026-09-10 14:04:24.926560,Machine_B,3.77,8,50.0,28.297,0
2026-09-10 14:04:24.926560,Machine_C,2.27,8,39.3,16.991,0
2026-09-10 14:05:24.926560,Machine_A,1.97,11,37.9,10.725,0
2026-09-10 14:05:24.926560,Machine_B,3.86,8,46.9,28.931,0
2026-09-10 14:05:24.926560,Machine_C,2.44,7,40.0,20.948,0
2026-09-10 14:06:24.926560,Machine_A,1.91,11,38.9,10.431,0
2026-09-10 14:06:24.926560,Machine_B,3.85,10,47.4,23.072,0
2026-09-10 14:06:24.926560,Machine_C,2.18,9,38.6,14.547,0
2026-09-10 14:07:24.926560,Machine_A,2.23,11,39.5,12.158,0
2026-09-10 14:07:24.926560,Machine_B,4.13,8,47.2,30.998,0
2026-09-10 14:07:24.926560,Machine_C,2.29,9,40.2,15.237,0
2026-09-10 14:08:24.926560,Machine_A,2.11,9,37.1,14.069,0
2026-09-10 14:08:24.926560,Machine_B,4.22,8,48.8,31.642,0
2026-09-10 14:08:24.926560,Machine_C,2.57,9,40.8,17.126,0
2026-09-10 14:09:24.926560,Machine_A,2.21,9,40.3,14.716,0
2026-09-10 14:09:24.926560,Machine_B,4.27,10,45.8,25.64,0
2026-09-10 14:09:24.926560,Machine_C,2.45,9,40.2,16.356,0
2026-09-10 14:10:24.926560,Machine_A,1.97,10,41.0,11.843,0
2026-09-10 14:10:24.926560,Machine_B,3.86,9,49.9,25.715,0
2026-09-10 14:10:24.926560,Machine_C,2.29,9,38.3,15.251,0
2026-09-10 14:11:24.926560,Machine_A,2.02,11,37.0,10.992,0
2026-09-10 14:11:24.926560,Machine_B,3.92,9,45.5,26.113,0
2026-09-10 14:11:24.926560,Machine_C,2.4,9,40.9,16.016,0
2026-09-10 14:12:24.926560,Machine_A,2.31,10,40.1,13.846,0
2026-09-10 14:12:24.926560,Machine_B,4.15,9,47.2,27.645,0
2026-09-10 14:12:24.926560,Machine_C,2.63,7,37.8,22.566,0
2026-09-10 14:13:24.926560,Machine_A,2.11,10,37.9,12.659,0
2026-09-10 14:13:24.926560,Machine_B,3.85,8,44.9,28.86,0
2026-09-10 14:13:24.926560,Machine_C,2.47,8,38.6,18.521,0
2026-09-10 14:14:24.926560,Machine_A,2.08,11,40.0,11.369,0
2026-09-10 14:14:24.926560,Machine_B,3.52,8,50.9,26.364,0
2026-09-10 14:14:24.926560,Machine_C,2.32,9,38.4,15.438,0
2026-09-10 14:15:24.926560,Machine_A,2.14,10,39.7,12.867,0
2026-09-10 14:15:24.926560,Machine_B,3.43,9,50.3,22.863,0
2026-09-10 14:15:24.926560,Machine_C,2.5,7,39.7,21.434,0
2026-09-10 14:16:24.926560,Machine_A,2.13,11,38.5,11.637,0
2026-09-10 14:16:24.926560,Machine_B,6.48,9,61.4,43.177,1
2026-09-10 14:16:24.926560,Machine_C,2.51,8,40.6,18.851,0
2026-09-10 14:17:24.926560,Machine_A,2.1,11,37.7,11.447,0
2026-09-10 14:17:24.926560,Machine_B,3.77,8,47.0,28.281,0
2026-09-10 14:17:24.926560,Machine_C,2.37,7,40.0,20.326,0
2026-09-10 14:18:24.926560,Machine_A,2.16,11,40.0,11.794,0
2026-09-10 14:18:24.926560,Machine_B,3.92,10,50.2,23.496,0
2026-09-10 14:18:24.926560,Machine_C,2.14,9,38.5,14.249,0
2026-09-10 14:19:24.926560,Machine_A,2.11,11,38.0,11.534,0
2026-09-10 14:19:24.926560,Machine_B,4.07,8,50.3,30.49,0
2026-09-10 14:19:24.926560,Machine_C,2.47,9,38.6,16.5,0
2026-09-10 14:20:24.926560,Machine_A,2.08,9,38.8,13.862,0
2026-09-10 14:20:24.926560,Machine_B,3.65,8,52.4,27.347,0
2026-09-10 14:20:24.926560,Machine_C,2.57,8,40.5,19.258,0
2026-09-10 14:21:24.926560,Machine_A,2.04,11,38.2,11.131,0
2026-09-10 14:21:24.926560,Machine_B,3.67,9,50.1,24.458,0
2026-09-10 14:21:24.926560,Machine_C,2.69,9,40.0,17.963,0
2026-09-10 14:22:24.926560,Machine_A,2.26,11,38.5,12.332,0
2026-09-10 14:22:24.926560,Machine_B,3.44,9,48.7,22.921,0
2026-09-10 14:22:24.926560,Machine_C,2.54,8,40.5,19.072,0
2026-09-10 14:23:24.926560,Machine_A,2.12,9,37.4,14.113,0
2026-09-10 14:23:24.926560,Machine_B,4.27,9,49.7,28.442,0
2026-09-10 14:23:24.926560,Machine_C,2.44,8,40.7,18.274,0
2026-09-10 14:24:24.926560,Machine_A,1.99,9,37.5,13.265,0
2026-09-10 14:24:24.926560,Machine_B,3.93,9,50.1,26.223,0
2026-09-10 14:24:24.926560,Machine_C,2.14,8,41.1,16.044,0
2026-09-10 14:25:24.926560,Machine_A,2.06,10,38.3,12.372,0
2026-09-10 14:25:24.926560,Machine_B,3.86,10,46.5,23.151,0
2026-09-10 14:25:24.926560,Machine_C,2.23,7,40.6,19.118,0
2026-09-10 14:26:24.926560,Machine_A,2.22,11,37.2,12.116,0
2026-09-10 14:26:24.926560,Machine_B,3.72,8,47.4,27.928,0
2026-09-10 14:26:24.926560,Machine_C,2.44,9,40.1,16.289,0
2026-09-10 14:27:24.926560,Machine_A,2.05,11,37.7,11.173,0
2026-09-10 14:27:24.926560,Machine_B,4.29,9,46.0,28.607,0
2026-09-10 14:27:24.926560,Machine_C,2.37,8,39.3,17.768,0
2026-09-10 14:28:24.926560,Machine_A,1.98,11,37.5,10.803,0
2026-09-10 14:28:24.926560,Machine_B,5.22,9,60.2,34.797,1
2026-09-10 14:28:24.926560,Machine_C,2.34,7,39.5,20.042,0
2026-09-10 14:29:24.926560,Machine_A,2.05,11,37.5,11.189,0
2026-09-10 14:29:24.926560,Machine_B,5.09,8,59.4,38.145,1
2026-09-10 14:29:24.926560,Machine_C,2.34,9,39.1,15.587,0
2026-09-10 14:30:24.926560,Machine_A,2.19,10,40.3,13.111,0
2026-09-10 14:30:24.926560,Machine_B,3.87,9,45.9,25.806,0
2026-09-10 14:30:24.926560,Machine_C,2.38,9,41.0,15.839,0
2026-09-10 14:31:24.926560,Machine_A,2.19,10,37.2,13.149,0
2026-09-10 14:31:24.926560,Machine_B,3.54,9,45.2,23.605,0
2026-09-10 14:31:24.926560,Machine_C,2.67,7,40.8,22.928,0
2026-09-10 14:32:24.926560,Machine_A,2.06,11,39.2,11.229,0
2026-09-10 14:32:24.926560,Machine_B,3.85,8,45.9,28.891,0
2026-09-10 14:32:24.926560,Machine_C,2.4,7,39.6,20.593,0
2026-09-10 14:33:24.926560,Machine_A,2.09,10,40.6,12.569,0
2026-09-10 14:33:24.926560,Machine_B,3.67,10,50.1,22.036,0
2026-09-10 14:33:24.926560,Machine_C,2.46,9,39.3,16.373,0
2026-09-10 14:34:24.926560,Machine_A,2.05,9,38.5,13.672,0
2026-09-10 14:34:24.926560,Machine_B,4.32,9,48.1,28.792,0
2026-09-10 14:34:24.926560,Machine_C,2.46,7,39.9,21.078,0
2026-09-10 14:35:24.926560,Machine_A,2.01,11,39.4,10.975,0
2026-09-10 14:35:24.926560,Machine_B,3.41,9,48.6,22.75,0
2026-09-10 14:35:24.926560,Machine_C,2.01,8,39.7,15.104,0
2026-09-10 14:36:24.926560,Machine_A,2.24,11,40.8,12.208,0
2026-09-10 14:36:24.926560,Machine_B,3.47,9,48.4,23.124,0
2026-09-10 14:36:24.926560,Machine_C,2.59,7,39.1,22.163,0
2026-09-10 14:37:24.926560,Machine_A,2.05,9,38.7,13.646,0
2026-09-10 14:37:24.926560,Machine_B,4.54,10,52.5,27.263,0
2026-09-10 14:37:24.926560,Machine_C,2.48,7,41.2,21.259,0
2026-09-10 14:38:24.926560,Machine_A,2.02,9,36.7,13.488,0
2026-09-10 14:38:24.926560,Machine_B,3.59,9,47.5,23.904,0
2026-09-10 14:38:24.926560,Machine_C,2.51,9,40.2,16.701,0
2026-09-10 14:39:24.926560,Machine_A,2.09,9,39.3,13.954,0
2026-09-10 14:39:24.926560,Machine_B,4.02,10,50.0,24.136,0
2026-09-10 14:39:24.926560,Machine_C,2.69,9,38.6,17.939,0
2026-09-10 14:40:24.926560,Machine_A,2.08,10,38.9,12.496,0
2026-09-10 14:40:24.926560,Machine_B,3.68,8,48.8,27.634,0
2026-09-10 14:40:24.926560,Machine_C,2.42,9,39.6,16.131,0
2026-09-10 14:41:24.926560,Machine_A,2.18,10,38.3,13.061,0
2026-09-10 14:41:24.926560,Machine_B,3.67,9,48.6,24.468,0
2026-09-10 14:41:24.926560,Machine_C,2.58,7,39.8,22.114,0
2026-09-10 14:42:24.926560,Machine_A,2.16,9,39.1,14.433,0
2026-09-10 14:42:24.926560,Machine_B,3.67,8,43.9,27.536,0
2026-09-10 14:42:24.926560,Machine_C,2.17,8,40.8,16.293,0
2026-09-10 14:43:24.926560,Machine_A,2.19,10,40.3,13.129,0
2026-09-10 14:43:24.926560,Machine_B,4.23,10,46.8,25.372,0
2026-09-10 14:43:24.926560,Machine_C,2.44,7,38.6,20.93,0
2026-09-10 14:44:24.926560,Machine_A,2.17,10,38.2,13.046,0
2026-09-10 14:44:24.926560,Machine_B,3.37,8,45.9,25.272,0
2026-09-10 14:44:24.926560,Machine_C,2.63,9,40.1,17.534,0
2026-09-10 14:45:24.926560,Machine_A,1.93,9,37.0,12.884,0
2026-09-10 14:45:24.926560,Machine_B,3.83,10,48.5,22.965,0
2026-09-10 14:45:24.926560,Machine_C,2.65,8,41.1,19.912,0
2026-09-10 14:46:24.926560,Machine_A,2.19,9,35.8,14.582,0
2026-09-10 14:46:24.926560,Machine_B,3.9,9,49.1,25.996,0
2026-09-10 14:46:24.926560,Machine_C,2.32,8,38.0,17.37,0
2026-09-10 14:47:24.926560,Machine_A,2.2,11,39.6,11.995,0
2026-09-10 14:47:24.926560,Machine_B,4.22,10,47.4,25.302,0
2026-09-10 14:47:24.926560,Machine_C,2.53,8,39.5,18.956,0
2026-09-10 14:48:24.926560,Machine_A,2.2,11,37.3,11.998,0
2026-09-10 14:48:24.926560,Machine_B,5.05,10,60.5,30.278,1
2026-09-10 14:48:24.926560,Machine_C,2.41,8,37.0,18.096,0
2026-09-10 14:49:24.926560,Machine_A,2.13,10,39.1,12.759,0
2026-09-10 14:49:24.926560,Machine_B,3.63,10,46.3,21.8,0
2026-09-10 14:49:24.926560,Machine_C,2.5,8,38.9,18.715,0
2026-09-10 14:50:24.926560,Machine_A,2.17,10,38.7,13.036,0
2026-09-10 14:50:24.926560,Machine_B,4.14,8,45.8,31.055,0
2026-09-10 14:50:24.926560,Machine_C,2.42,7,40.1,20.761,0
2026-09-10 14:51:24.926560,Machine_A,2.22,10,37.6,13.334,0
2026-09-10 14:51:24.926560,Machine_B,3.78,9,45.4,25.22,0
2026-09-10 14:51:24.926560,Machine_C,2.52,7,41.4,21.569,0
2026-09-10 14:52:24.926560,Machine_A,1.94,11,36.2,10.58,0
2026-09-10 14:52:24.926560,Machine_B,4.18,10,46.3,25.075,0
2026-09-10 14:52:24.926560,Machine_C,2.44,9,41.3,16.264,0
2026-09-10 14:53:24.926560,Machine_A,2.03,10,40.5,12.155,0
2026-09-10 14:53:24.926560,Machine_B,5.52,8,60.8,41.368,1
2026-09-10 14:53:24.926560,Machine_C,2.43,7,39.2,20.796,0
2026-09-10 14:54:24.926560,Machine_A,2.11,9,37.0,14.099,0
2026-09-10 14:54:24.926560,Machine_B,4.07,10,51.0,24.397,0
2026-09-10 14:54:24.926560,Machine_C,2.14,7,40.6,18.329,0
2026-09-10 14:55:24.926560,Machine_A,2.05,10,35.7,12.324,0
2026-09-10 14:55:24.926560,Machine_B,3.23,10,46.3,19.366,0
2026-09-10 14:55:24.926560,Machine_C,2.4,8,39.5,18.026,0
2026-09-10 14:56:24.926560,Machine_A,2.16,9,36.0,14.371,0
2026-09-10 14:56:24.926560,Machine_B,3.92,9,46.4,26.165,0
2026-09-10 14:56:24.926560,Machine_C,2.39,7,41.3,20.451,0
2026-09-10 14:57:24.926560,Machine_A,2.05,9,38.6,13.674,0
2026-09-10 14:57:24.926560,Machine_B,3.48,8,46.7,26.074,0
2026-09-10 14:57:24.926560,Machine_C,2.5,9,39.8,16.697,0
2026-09-10 14:58:24.926560,Machine_A,2.04,9,36.0,13.63,0
2026-09-10 14:58:24.926560,Machine_B,4.25,8,48.9,31.862,0
2026-09-10 14:58:24.926560,Machine_C,2.46,8,39.8,18.462,0
2026-09-10 14:59:24.926560,Machine_A,2.05,11,38.3,11.164,0
2026-09-10 14:59:24.926560,Machine_B,3.65,8,48.1,27.353,0
2026-09-10 14:59:24.926560,Machine_C,2.51,8,38.8,18.86,0
2026-09-10 15:00:24.926560,Machine_A,2.11,10,38.7,12.635,0
2026-09-10 15:00:24.926560,Machine_B,3.67,10,49.1,22.008,0
2026-09-10 15:00:24.926560,Machine_C,2.55,9,41.3,17.032,0
2026-09-10 15:01:24.926560,Machine_A,2.22,9,37.5,14.773,0
2026-09-10 15:01:24.926560,Machine_B,4.07,9,47.7,27.158,0
2026-09-10 15:01:24.926560,Machine_C,2.24,8,38.2,16.797,0
2026-09-10 15:02:24.926560,Machine_A,1.92,11,38.4,10.494,0
2026-09-10 15:02:24.926560,Machine_B,5.85,10,58.0,35.08,1
2026-09-10 15:02:24.926560,Machine_C,2.41,8,38.5,18.111,0
2026-09-10 15:03:24.926560,Machine_A,1.95,11,38.5,10.628,0
2026-09-10 15:03:24.926560,Machine_B,3.91,10,47.5,23.436,0
2026-09-10 15:03:24.926560,Machine_C,2.23,8,39.0,16.707,0
2026-09-10 15:04:24.926560,Machine_A,2.12,9,40.4,14.135,0
2026-09-10 15:04:24.926560,Machine_B,3.65,9,50.7,24.356,0
2026-09-10 15:04:24.926560,Machine_C,2.44,8,39.8,18.263,0
2026-09-10 15:05:24.926560,Machine_A,2.13,10,37.4,12.753,0
2026-09-10 15:05:24.926560,Machine_B,4.0,9,47.1,26.643,0
2026-09-10 15:05:24.926560,Machine_C,2.5,9,38.2,16.673,0
2026-09-10 15:06:24.926560,Machine_A,2.23,11,38.3,12.137,0
2026-09-10 15:06:24.926560,Machine_B,4.25,8,46.6,31.892,0
2026-09-10 15:06:24.926560,Machine_C,2.36,7,41.3,20.265,0
2026-09-10 15:07:24.926560,Machine_A,2.23,11,37.3,12.189,0
2026-09-10 15:07:24.926560,Machine_B,4.25,8,47.5,31.842,0
2026-09-10 15:07:24.926560,Machine_C,2.59,7,41.1,22.22,0
2026-09-10 15:08:24.926560,Machine_A,2.0,10,37.1,12.022,0
2026-09-10 15:08:24.926560,Machine_B,3.41,10,49.1,20.472,0
2026-09-10 15:08:24.926560,Machine_C,2.43,9,38.9,16.187,0
2026-09-10 15:09:24.926560,Machine_A,2.14,9,38.4,14.259,0
2026-09-10 15:09:24.926560,Machine_B,5.64,10,63.6,33.837,1
2026-09-10 15:09:24.926560,Machine_C,2.33,9,39.4,15.516,0
2026-09-10 15:10:24.926560,Machine_A,1.99,10,36.7,11.953,0
2026-09-10 15:10:24.926560,Machine_B,3.62,10,47.8,21.731,0
2026-09-10 15:10:24.926560,Machine_C,2.3,9,41.0,15.309,0
2026-09-10 15:11:24.926560,Machine_A,2.11,9,37.2,14.065,0
2026-09-10 15:11:24.926560,Machine_B,3.76,9,48.0,25.093,0
2026-09-10 15:11:24.926560,Machine_C,2.25,9,40.9,14.98,0
2026-09-10 15:12:24.926560,Machine_A,2.1,11,36.3,11.476,0
2026-09-10 15:12:24.926560,Machine_B,3.77,9,46.8,25.135,0
2026-09-10 15:12:24.926560,Machine_C,2.3,7,38.9,19.671,0
2026-09-10 15:13:24.926560,Machine_A,1.96,11,39.3,10.668,0
2026-09-10 15:13:24.926560,Machine_B,4.0,8,46.4,30.024,0
2026-09-10 15:13:24.926560,Machine_C,2.52,9,40.9,16.805,0
2026-09-10 15:14:24.926560,Machine_A,2.17,11,34.4,11.822,0
2026-09-10 15:14:24.926560,Machine_B,3.6,8,46.7,27.035,0
2026-09-10 15:14:24.926560,Machine_C,2.37,8,39.8,17.807,0
2026-09-10 15:15:24.926560,Machine_A,2.0,10,35.4,11.973,0
2026-09-10 15:15:24.926560,Machine_B,4.27,8,46.3,32.028,0
2026-09-10 15:15:24.926560,Machine_C,2.21,7,38.9,18.946,0
2026-09-10 15:16:24.926560,Machine_A,2.05,10,35.9,12.319,0
2026-09-10 15:16:24.926560,Machine_B,3.88,8,48.7,29.131,0
2026-09-10 15:16:24.926560,Machine_C,2.47,8,42.1,18.526,0
2026-09-10 15:17:24.926560,Machine_A,1.98,10,39.3,11.882,0
2026-09-10 15:17:24.926560,Machine_B,3.78,10,47.1,22.701,0
2026-09-10 15:17:24.926560,Machine_C,2.53,7,41.8,21.72,0
2026-09-10 15:18:24.926560,Machine_A,2.06,10,40.2,12.38,0
2026-09-10 15:18:24.926560,Machine_B,3.25,8,46.4,24.369,0
2026-09-10 15:18:24.926560,Machine_C,2.38,9,40.0,15.879,0
2026-09-10 15:19:24.926560,Machine_A,2.19,11,38.8,11.961,0
2026-09-10 15:19:24.926560,Machine_B,3.87,10,46.3,23.191,0
2026-09-10 15:19:24.926560,Machine_C,2.5,8,39.3,18.746,0
2026-09-10 15:20:24.926560,Machine_A,2.13,11,41.7,11.609,0
2026-09-10 15:20:24.926560,Machine_B,4.07,10,48.9,24.421,0
2026-09-10 15:20:24.926560,Machine_C,2.65,8,41.5,19.876,0
2026-09-10 15:21:24.926560,Machine_A,1.93,10,40.7,11.568,0
2026-09-10 15:21:24.926560,Machine_B,4.01,8,47.9,30.038,0
2026-09-10 15:21:24.926560,Machine_C,2.28,7,40.7,19.532,0
2026-09-10 15:22:24.926560,Machine_A,1.98,9,38.9,13.223,0
2026-09-10 15:22:24.926560,Machine_B,3.55,9,50.5,23.64,0
2026-09-10 15:22:24.926560,Machine_C,2.25,8,39.8,16.875,0
2026-09-10 15:23:24.926560,Machine_A,1.99,10,40.9,11.957,0
2026-09-10 15:23:24.926560,Machine_B,4.1,9,45.5,27.348,0
2026-09-10 15:23:24.926560,Machine_C,2.46,7,41.3,21.067,0
2026-09-10 15:24:24.926560,Machine_A,2.09,10,37.7,12.566,0
2026-09-10 15:24:24.926560,Machine_B,3.86,9,46.4,25.726,0
2026-09-10 15:24:24.926560,Machine_C,2.53,7,40.7,21.704,0
2026-09-10 15:25:24.926560,Machine_A,2.11,9,38.2,14.074,0
2026-09-10 15:25:24.926560,Machine_B,3.91,9,50.2,26.081,0
2026-09-10 15:25:24.926560,Machine_C,2.5,9,38.9,16.653,0
2026-09-10 15:26:24.926560,Machine_A,2.08,10,38.1,12.457,0
2026-09-10 15:26:24.926560,Machine_B,3.99,10,48.6,23.938,0
2026-09-10 15:26:24.926560,Machine_C,2.27,7,39.6,19.442,0
2026-09-10 15:27:24.926560,Machine_A,2.02,11,38.4,11.04,0
2026-09-10 15:27:24.926560,Machine_B,4.06,10,49.4,24.387,0
2026-09-10 15:27:24.926560,Machine_C,2.23,8,40.2,16.704,0
2026-09-10 15:28:24.926560,Machine_A,2.22,11,38.2,12.093,0
2026-09-10 15:28:24.926560,Machine_B,4.2,10,48.5,25.198,0
2026-09-10 15:28:24.926560,Machine_C,2.17,7,41.5,18.564,0
2026-09-10 15:29:24.926560,Machine_A,2.06,11,34.4,11.217,0
2026-09-10 15:29:24.926560,Machine_B,3.78,9,48.7,25.202,0
2026-09-10 15:29:24.926560,Machine_C,2.32,9,41.0,15.438,0
2026-09-10 15:30:24.926560,Machine_A,2.09,10,35.0,12.527,0
2026-09-10 15:30:24.926560,Machine_B,4.3,8,49.6,32.231,0
2026-09-10 15:30:24.926560,Machine_C,2.43,7,39.0,20.85,0
2026-09-10 15:31:24.926560,Machine_A,2.18,11,37.1,11.88,0
2026-09-10 15:31:24.926560,Machine_B,4.33,8,48.0,32.463,0
2026-09-10 15:31:24.926560,Machine_C,2.57,9,40.7,17.125,0
2026-09-10 15:32:24.926560,Machine_A,2.2,11,38.5,12.025,0
2026-09-10 15:32:24.926560,Machine_B,3.88,9,45.0,25.894,0
2026-09-10 15:32:24.926560,Machine_C,2.78,7,39.4,23.856,0
2026-09-10 15:33:24.926560,Machine_A,2.12,11,36.6,11.562,0
2026-09-10 15:33:24.926560,Machine_B,3.91,9,47.6,26.094,0
2026-09-10 15:33:24.926560,Machine_C,2.24,8,40.8,16.771,0
2026-09-10 15:34:24.926560,Machine_A,2.0,11,38.6,10.928,0
2026-09-10 15:34:24.926560,Machine_B,3.9,9,50.6,26.023,0
2026-09-10 15:34:24.926560,Machine_C,2.3,9,41.2,15.301,0
2026-09-10 15:35:24.926560,Machine_A,2.06,9,37.8,13.751,0
2026-09-10 15:35:24.926560,Machine_B,3.65,9,49.7,24.303,0
2026-09-10 15:35:24.926560,Machine_C,2.43,8,40.5,18.229,0
2026-09-10 15:36:24.926560,Machine_A,2.17,11,37.8,11.825,0
2026-09-10 15:36:24.926560,Machine_B,3.6,10,50.1,21.622,0
2026-09-10 15:36:24.926560,Machine_C,2.31,9,39.8,15.406,0
2026-09-10 15:37:24.926560,Machine_A,2.1,11,36.9,11.454,0
2026-09-10 15:37:24.926560,Machine_B,3.18,8,46.6,23.854,0
2026-09-10 15:37:24.926560,Machine_C,2.45,8,40.0,18.347,0
2026-09-10 15:38:24.926560,Machine_A,2.26,10,36.3,13.55,0
2026-09-10 15:38:24.926560,Machine_B,3.64,10,48.4,21.853,0
2026-09-10 15:38:24.926560,Machine_C,2.3,7,40.4,19.736,0
2026-09-10 15:39:24.926560,Machine_A,2.09,11,36.2,11.412,0
2026-09-10 15:39:24.926560,Machine_B,3.5,10,48.1,21.006,0
2026-09-10 15:39:24.926560,Machine_C,2.36,8,39.0,17.685,0
2026-09-10 15:40:24.926560,Machine_A,2.11,10,37.4,12.665,0
2026-09-10 15:40:24.926560,Machine_B,3.82,9,46.6,25.495,0
2026-09-10 15:40:24.926560,Machine_C,2.27,9,39.0,15.144,0
2026-09-10 15:41:24.926560,Machine_A,2.19,9,40.5,14.587,0
2026-09-10 15:41:24.926560,Machine_B,3.33,10,46.4,19.961,0
2026-09-10 15:41:24.926560,Machine_C,2.7,7,38.6,23.108,0
2026-09-10 15:42:24.926560,Machine_A,1.9,11,38.4,10.368,0
2026-09-10 15:42:24.926560,Machine_B,3.37,9,48.0,22.467,0
2026-09-10 15:42:24.926560,Machine_C,2.56,8,40.4,19.232,0
2026-09-10 15:43:24.926560,Machine_A,2.0,9,37.1,13.357,0
2026-09-10 15:43:24.926560,Machine_B,3.93,10,42.9,23.585,0
2026-09-10 15:43:24.926560,Machine_C,2.46,8,39.5,18.449,0
2026-09-10 15:44:24.926560,Machine_A,2.03,11,37.4,11.086,0
2026-09-10 15:44:24.926560,Machine_B,3.71,9,48.1,24.74,0
2026-09-10 15:44:24.926560,Machine_C,2.37,8,38.6,17.8,0
2026-09-10 15:45:24.926560,Machine_A,2.07,11,35.8,11.295,0
2026-09-10 15:45:24.926560,Machine_B,3.72,10,45.3,22.324,0
2026-09-10 15:45:24.926560,Machine_C,2.57,8,39.4,19.284,0
2026-09-10 15:46:24.926560,Machine_A,1.86,9,35.7,12.377,0
2026-09-10 15:46:24.926560,Machine_B,3.96,9,47.8,26.378,0
2026-09-10 15:46:24.926560,Machine_C,2.36,7,40.0,20.271,0
2026-09-10 15:47:24.926560,Machine_A,1.97,9,38.4,13.141,0
2026-09-10 15:47:24.926560,Machine_B,4.22,10,49.1,25.321,0
2026-09-10 15:47:24.926560,Machine_C,2.31,7,40.2,19.81,0
2026-09-10 15:48:24.926560,Machine_A,2.01,11,39.2,10.986,0
2026-09-10 15:48:24.926560,Machine_B,3.76,8,46.9,28.213,0
2026-09-10 15:48:24.926560,Machine_C,2.35,8,40.6,17.613,0
2026-09-10 15:49:24.926560,Machine_A,2.1,9,36.2,14.013,0
2026-09-10 15:49:24.926560,Machine_B,3.81,8,47.1,28.609,0
2026-09-10 15:49:24.926560,Machine_C,2.3,7,39.2,19.739,0
2026-09-10 15:50:24.926560,Machine_A,2.31,9,38.9,15.402,0
2026-09-10 15:50:24.926560,Machine_B,5.74,8,55.2,43.076,1
2026-09-10 15:50:24.926560,Machine_C,2.41,7,38.9,20.639,0
2026-09-10 15:51:24.926560,Machine_A,2.21,9,39.4,14.737,0
2026-09-10 15:51:24.926560,Machine_B,3.7,9,46.0,24.666,0
2026-09-10 15:51:24.926560,Machine_C,2.26,9,40.5,15.038,0
2026-09-10 15:52:24.926560,Machine_A,2.21,9,36.9,14.765,0
2026-09-10 15:52:24.926560,Machine_B,6.18,8,58.1,46.351,1
2026-09-10 15:52:24.926560,Machine_C,2.41,9,40.5,16.052,0
2026-09-10 15:53:24.926560,Machine_A,1.96,9,37.2,13.071,0
2026-09-10 15:53:24.926560,Machine_B,3.84,9,46.9,25.61,0
2026-09-10 15:53:24.926560,Machine_C,2.19,9,42.6,14.596,0
2026-09-10 15:54:24.926560,Machine_A,2.07,11,40.2,11.278,0
2026-09-10 15:54:24.926560,Machine_B,4.15,10,46.7,24.925,0
2026-09-10 15:54:24.926560,Machine_C,2.42,7,40.0,20.716,0
2026-09-10 15:55:24.926560,Machine_A,2.05,11,35.9,11.181,0
2026-09-10 15:55:24.926560,Machine_B,4.0,9,50.9,26.687,0
2026-09-10 15:55:24.926560,Machine_C,2.31,9,40.8,15.395,0
2026-09-10 15:56:24.926560,Machine_A,2.14,9,34.6,14.261,0
2026-09-10 15:56:24.926560,Machine_B,3.89,9,49.6,25.946,0
2026-09-10 15:56:24.926560,Machine_C,2.42,9,40.0,16.157,0
2026-09-10 15:57:24.926560,Machine_A,2.0,11,37.6,10.909,0
2026-09-10 15:57:24.926560,Machine_B,3.63,10,45.7,21.753,0
2026-09-10 15:57:24.926560,Machine_C,2.13,9,38.9,14.168,0
2026-09-10 15:58:24.926560,Machine_A,1.98,9,36.9,13.17,0
2026-09-10 15:58:24.926560,Machine_B,4.57,8,45.3,34.282,0
2026-09-10 15:58:24.926560,Machine_C,2.37,9,38.3,15.817,0
2026-09-10 15:59:24.926560,Machine_A,2.19,9,36.4,14.586,0
2026-09-10 15:59:24.926560,Machine_B,3.41,8,47.3,25.577,0
2026-09-10 15:59:24.926560,Machine_C,2.34,7,39.4,20.06,0
2026-09-10 16:00:24.926560,Machine_A,2.12,10,37.4,12.698,0
2026-09-10 16:00:24.926560,Machine_B,5.07,9,58.5,33.778,1
2026-09-10 16:00:24.926560,Machine_C,2.43,7,39.0,20.836,0
2026-09-10 16:01:24.926560,Machine_A,2.12,9,36.9,14.155,0
2026-09-10 16:01:24.926560,Machine_B,3.53,10,47.3,21.199,0
2026-09-10 16:01:24.926560,Machine_C,2.43,7,41.1,20.866,0
2026-09-10 16:02:24.926560,Machine_A,2.2,11,35.8,12.011,0
2026-09-10 16:02:24.926560,Machine_B,4.27,10,47.1,25.606,0
2026-09-10 16:02:24.926560,Machine_C,2.26,9,39.5,15.056,0
2026-09-10 16:03:24.926560,Machine_A,1.99,9,35.0,13.253,0
2026-09-10 16:03:24.926560,Machine_B,4.92,8,62.6,36.907,1
2026-09-10 16:03:24.926560,Machine_C,2.18,7,40.1,18.657,0
2026-09-10 16:04:24.926560,Machine_A,2.23,9,39.8,14.891,0
2026-09-10 16:04:24.926560,Machine_B,3.49,10,46.2,20.947,0
2026-09-10 16:04:24.926560,Machine_C,2.38,9,41.0,15.893,0
2026-09-10 16:05:24.926560,Machine_A,2.23,9,39.7,14.839,0
2026-09-10 16:05:24.926560,Machine_B,5.41,10,61.9,32.471,1
2026-09-10 16:05:24.926560,Machine_C,2.28,7,39.3,19.512,0
2026-09-10 16:06:24.926560,Machine_A,1.92,9,36.4,12.791,0
2026-09-10 16:06:24.926560,Machine_B,3.57,10,50.2,21.396,0
2026-09-10 16:06:24.926560,Machine_C,2.17,7,38.6,18.591,0
2026-09-10 16:07:24.926560,Machine_A,2.18,10,39.6,13.056,0
2026-09-10 16:07:24.926560,Machine_B,3.68,8,47.7,27.596,0
2026-09-10 16:07:24.926560,Machine_C,2.48,8,41.6,18.597,0
2026-09-10 16:08:24.926560,Machine_A,2.02,11,40.1,11.01,0
2026-09-10 16:08:24.926560,Machine_B,4.37,8,46.1,32.77,0
2026-09-10 16:08:24.926560,Machine_C,2.17,9,39.4,14.457,0
2026-09-10 16:09:24.926560,Machine_A,2.15,11,38.8,11.719,0
2026-09-10 16:09:24.926560,Machine_B,3.63,10,48.8,21.81,0
2026-09-10 16:09:24.926560,Machine_C,2.17,7,38.8,18.632,0
2026-09-10 16:10:24.926560,Machine_A,2.07,11,38.7,11.309,0
2026-09-10 16:10:24.926560,Machine_B,3.56,10,45.8,21.34,0
2026-09-10 16:10:24.926560,Machine_C,2.52,9,39.6,16.783,0
2026-09-10 16:11:24.926560,Machine_A,2.03,10,39.3,12.18,0
2026-09-10 16:11:24.926560,Machine_B,3.9,8,48.3,29.246,0
2026-09-10 16:11:24.926560,Machine_C,2.42,9,39.6,16.153,0
2026-09-10 16:12:24.926560,Machine_A,2.0,10,38.0,11.972,0
2026-09-10 16:12:24.926560,Machine_B,3.8,8,47.7,28.468,0
2026-09-10 16:12:24.926560,Machine_C,2.34,8,40.7,17.558,0
2026-09-10 16:13:24.926560,Machine_A,2.2,10,39.3,13.218,0
2026-09-10 16:13:24.926560,Machine_B,3.97,9,47.3,26.44,0
2026-09-10 16:13:24.926560,Machine_C,2.39,9,40.0,15.938,0
2026-09-10 16:14:24.926560,Machine_A,2.13,9,37.5,14.226,0
2026-09-10 16:14:24.926560,Machine_B,3.43,8,51.4,25.748,0
2026-09-10 16:14:24.926560,Machine_C,2.27,7,42.3,19.465,0
2026-09-10 16:15:24.926560,Machine_A,2.08,10,39.0,12.51,0
2026-09-10 16:15:24.926560,Machine_B,4.17,10,50.1,24.993,0
2026-09-10 16:15:24.926560,Machine_C,2.28,8,39.6,17.121,0
2026-09-10 16:16:24.926560,Machine_A,2.19,11,37.7,11.964,0
2026-09-10 16:16:24.926560,Machine_B,3.74,9,46.8,24.926,0
2026-09-10 16:16:24.926560,Machine_C,2.26,9,39.2,15.084,0
2026-09-10 16:17:24.926560,Machine_A,2.11,10,38.5,12.636,0
2026-09-10 16:17:24.926560,Machine_B,3.77,9,48.3,25.156,0
2026-09-10 16:17:24.926560,Machine_C,2.19,8,38.7,16.461,0
2026-09-10 16:18:24.926560,Machine_A,2.09,11,36.1,11.377,0
2026-09-10 16:18:24.926560,Machine_B,6.67,9,65.0,44.465,1
2026-09-10 16:18:24.926560,Machine_C,2.56,8,39.9,19.211,0
2026-09-10 16:19:24.926560,Machine_A,1.94,9,35.3,12.908,0
2026-09-10 16:19:24.926560,Machine_B,3.93,10,49.8,23.577,0
2026-09-10 16:19:24.926560,Machine_C,2.53,7,39.2,21.675,0
2026-09-10 16:20:24.926560,Machine_A,2.22,9,39.2,14.813,0
2026-09-10 16:20:24.926560,Machine_B,5.5,10,60.1,33.021,1
2026-09-10 16:20:24.926560,Machine_C,2.29,8,40.5,17.196,0
2026-09-10 16:21:24.926560,Machine_A,2.16,11,38.6,11.779,0
2026-09-10 16:21:24.926560,Machine_B,3.76,8,49.5,28.23,0
2026-09-10 16:21:24.926560,Machine_C,2.61,8,38.5,19.607,0
2026-09-10 16:22:24.926560,Machine_A,2.09,10,37.3,12.536,0
2026-09-10 16:22:24.926560,Machine_B,4.3,10,47.3,25.792,0
2026-09-10 16:22:24.926560,Machine_C,2.57,9,40.0,17.138,0
2026-09-10 16:23:24.926560,Machine_A,2.09,10,38.1,12.543,0
2026-09-10 16:23:24.926560,Machine_B,3.88,9,48.0,25.888,0
2026-09-10 16:23:24.926560,Machine_C,2.28,7,40.8,19.526,0
2026-09-10 16:24:24.926560,Machine_A,2.08,10,39.4,12.456,0
2026-09-10 16:24:24.926560,Machine_B,3.89,9,46.9,25.91,0
2026-09-10 16:24:24.926560,Machine_C,2.45,9,39.9,16.311,0
2026-09-10 16:25:24.926560,Machine_A,1.97,10,38.2,11.797,0
2026-09-10 16:25:24.926560,Machine_B,3.27,10,48.9,19.612,0
2026-09-10 16:25:24.926560,Machine_C,2.46,8,40.0,18.434,0
2026-09-10 16:26:24.926560,Machine_A,1.89,10,37.9,11.355,0
2026-09-10 16:26:24.926560,Machine_B,3.66,9,49.9,24.421,0
2026-09-10 16:26:24.926560,Machine_C,2.24,7,38.8,19.231,0
2026-09-10 16:27:24.926560,Machine_A,2.0,9,39.5,13.344,0
2026-09-10 16:27:24.926560,Machine_B,3.95,8,47.1,29.591,0
2026-09-10 16:27:24.926560,Machine_C,2.39,7,38.7,20.453,0
2026-09-10 16:28:24.926560,Machine_A,2.08,9,38.3,13.865,0
2026-09-10 16:28:24.926560,Machine_B,3.36,8,47.8,25.166,0
2026-09-10 16:28:24.926560,Machine_C,2.35,9,40.0,15.658,0
2026-09-10 16:29:24.926560,Machine_A,2.08,11,38.3,11.365,0
2026-09-10 16:29:24.926560,Machine_B,4.12,8,48.0,30.875,0
2026-09-10 16:29:24.926560,Machine_C,2.22,9,40.2,14.783,0
2026-09-10 16:30:24.926560,Machine_A,2.01,9,38.9,13.377,0
2026-09-10 16:30:24.926560,Machine_B,4.23,8,48.0,31.753,0
2026-09-10 16:30:24.926560,Machine_C,2.42,8,38.8,18.184,0
2026-09-10 16:31:24.926560,Machine_A,2.04,9,39.0,13.578,0
2026-09-10 16:31:24.926560,Machine_B,3.69,8,47.8,27.639,0
2026-09-10 16:31:24.926560,Machine_C,2.45,8,39.3,18.394,0
2026-09-10 16:32:24.926560,Machine_A,2.06,11,38.4,11.236,0
2026-09-10 16:32:24.926560,Machine_B,3.67,8,52.7,27.528,0
2026-09-10 16:32:24.926560,Machine_C,2.22,8,40.5,16.677,0
2026-09-10 16:33:24.926560,Machine_A,2.26,11,34.3,12.302,0
2026-09-10 16:33:24.926560,Machine_B,3.88,9,49.7,25.891,0
2026-09-10 16:33:24.926560,Machine_C,2.44,8,41.3,18.279,0
2026-09-10 16:34:24.926560,Machine_A,2.0,10,37.4,12.018,0
2026-09-10 16:34:24.926560,Machine_B,3.95,8,51.7,29.656,0
2026-09-10 16:34:24.926560,Machine_C,2.41,9,40.2,16.072,0
2026-09-10 16:35:24.926560,Machine_A,2.22,9,40.5,14.789,0
2026-09-10 16:35:24.926560,Machine_B,4.28,8,48.3,32.114,0
2026-09-10 16:35:24.926560,Machine_C,2.07,9,37.7,13.798,0
2026-09-10 16:36:24.926560,Machine_A,2.23,10,36.3,13.378,0
2026-09-10 16:36:24.926560,Machine_B,5.95,10,57.7,35.694,1
2026-09-10 16:36:24.926560,Machine_C,2.29,8,39.8,17.186,0
2026-09-10 16:37:24.926560,Machine_A,2.05,9,37.6,13.643,0
2026-09-10 16:37:24.926560,Machine_B,3.7,9,50.2,24.696,0
2026-09-10 16:37:24.926560,Machine_C,2.28,8,39.7,17.124,0
2026-09-10 16:38:24.926560,Machine_A,2.13,11,40.5,11.629,0
2026-09-10 16:38:24.926560,Machine_B,3.67,8,47.6,27.545,0
2026-09-10 16:38:24.926560,Machine_C,2.24,7,38.5,19.161,0
2026-09-10 16:39:24.926560,Machine_A,2.37,11,38.1,12.915,0
2026-09-10 16:39:24.926560,Machine_B,3.73,8,44.7,27.959,0
2026-09-10 16:39:24.926560,Machine_C,2.4,8,39.1,17.97,0
2026-09-10 16:40:24.926560,Machine_A,2.13,10,37.8,12.778,0
2026-09-10 16:40:24.926560,Machine_B,3.67,8,48.9,27.522,0
2026-09-10 16:40:24.926560,Machine_C,2.63,7,40.4,22.517,0
2026-09-10 16:41:24.926560,Machine_A,2.21,9,36.6,14.748,0
2026-09-10 16:41:24.926560,Machine_B,3.68,8,50.0,27.616,0
2026-09-10 16:41:24.926560,Machine_C,2.48,7,38.0,21.291,0
2026-09-10 16:42:24.926560,Machine_A,2.06,9,40.4,13.761,0
2026-09-10 16:42:24.926560,Machine_B,4.3,9,46.1,28.671,0
2026-09-10 16:42:24.926560,Machine_C,2.74,9,39.3,18.259,0
2026-09-10 16:43:24.926560,Machine_A,2.13,10,40.4,12.778,0
2026-09-10 16:43:24.926560,Machine_B,3.68,8,53.0,27.598,0
2026-09-10 16:43:24.926560,Machine_C,2.27,8,37.4,17.005,0
2026-09-10 16:44:24.926560,Machine_A,2.29,10,38.3,13.713,0
2026-09-10 16:44:24.926560,Machine_B,5.35,9,59.4,35.648,1
2026-09-10 16:44:24.926560,Machine_C,2.25,8,39.7,16.867,0
2026-09-10 16:45:24.926560,Machine_A,2.15,11,36.9,11.713,0
2026-09-10 16:45:24.926560,Machine_B,4.37,9,47.9,29.149,0
2026-09-10 16:45:24.926560,Machine_C,2.59,8,38.7,19.406,0
2026-09-10 16:46:24.926560,Machine_A,1.97,10,38.0,11.803,0
2026-09-10 16:46:24.926560,Machine_B,4.1,9,46.9,27.349,0
2026-09-10 16:46:24.926560,Machine_C,2.44,9,38.7,16.242,0
2026-09-10 16:47:24.926560,Machine_A,2.19,11,37.4,11.92,0
2026-09-10 16:47:24.926560,Machine_B,3.73,8,46.6,27.973,0
2026-09-10 16:47:24.926560,Machine_C,2.22,9,39.7,14.792,0
2026-09-10 16:48:24.926560,Machine_A,2.07,11,38.4,11.271,0
2026-09-10 16:48:24.926560,Machine_B,3.63,8,46.8,27.194,0
2026-09-10 16:48:24.926560,Machine_C,2.48,8,40.8,18.571,0
2026-09-10 16:49:24.926560,Machine_A,2.03,10,40.8,12.161,0
2026-09-10 16:49:24.926560,Machine_B,4.07,9,45.8,27.13,0
2026-09-10 16:49:24.926560,Machine_C,2.31,8,40.4,17.316,0
2026-09-10 16:50:24.926560,Machine_A,2.09,11,40.1,11.412,0
2026-09-10 16:50:24.926560,Machine_B,3.45,9,48.7,23.033,0
2026-09-10 16:50:24.926560,Machine_C,2.43,9,40.9,16.185,0
2026-09-10 16:51:24.926560,Machine_A,2.11,10,38.2,12.646,0
2026-09-10 16:51:24.926560,Machine_B,3.64,10,46.0,21.815,0
2026-09-10 16:51:24.926560,Machine_C,2.36,8,42.5,17.719,0
2026-09-10 16:52:24.926560,Machine_A,2.12,10,34.9,12.746,0
2026-09-10 16:52:24.926560,Machine_B,3.62,8,49.5,27.17,0
2026-09-10 16:52:24.926560,Machine_C,2.57,8,40.0,19.311,0
2026-09-10 16:53:24.926560,Machine_A,2.14,10,35.4,12.866,0
2026-09-10 16:53:24.926560,Machine_B,3.35,9,46.4,22.303,0
2026-09-10 16:53:24.926560,Machine_C,2.4,8,39.5,17.967,0
2026-09-10 16:54:24.926560,Machine_A,2.26,11,38.5,12.351,0
2026-09-10 16:54:24.926560,Machine_B,4.52,9,48.8,30.115,0
2026-09-10 16:54:24.926560,Machine_C,2.62,7,39.9,22.498,0
2026-09-10 16:55:24.926560,Machine_A,2.22,10,37.8,13.316,0
2026-09-10 16:55:24.926560,Machine_B,5.88,9,55.8,39.224,1
2026-09-10 16:55:24.926560,Machine_C,2.39,7,39.4,20.47,0
2026-09-10 16:56:24.926560,Machine_A,2.06,9,37.6,13.722,0
2026-09-10 16:56:24.926560,Machine_B,3.78,9,46.9,25.211,0
2026-09-10 16:56:24.926560,Machine_C,2.21,7,41.3,18.922,0
2026-09-10 16:57:24.926560,Machine_A,2.07,11,38.6,11.297,0
2026-09-10 16:57:24.926560,Machine_B,4.28,9,49.6,28.53,0
2026-09-10 16:57:24.926560,Machine_C,2.23,9,37.2,14.849,0
2026-09-10 16:58:24.926560,Machine_A,2.03,10,37.2,12.152,0
2026-09-10 16:58:24.926560,Machine_B,3.79,8,46.6,28.45,0
2026-09-10 16:58:24.926560,Machine_C,2.24,9,39.3,14.936,0
2026-09-10 16:59:24.926560,Machine_A,2.13,10,37.4,12.758,0
2026-09-10 16:59:24.926560,Machine_B,6.11,9,59.0,40.701,1
2026-09-10 16:59:24.926560,Machine_C,2.36,8,39.9,17.692,0
2026-09-10 17:00:24.926560,Machine_A,2.05,9,40.1,13.666,0
2026-09-10 17:00:24.926560,Machine_B,3.39,8,48.3,25.414,0
2026-09-10 17:00:24.926560,Machine_C,2.53,9,39.5,16.876,0
2026-09-10 17:01:24.926560,Machine_A,2.0,11,40.5,10.928,0
2026-09-10 17:01:24.926560,Machine_B,3.53,8,46.8,26.443,0
2026-09-10 17:01:24.926560,Machine_C,2.5,7,39.0,21.426,0
2026-09-10 17:02:24.926560,Machine_A,2.09,9,37.6,13.938,0
2026-09-10 17:02:24.926560,Machine_B,3.68,9,47.4,24.557,0
2026-09-10 17:02:24.926560,Machine_C,2.65,7,38.1,22.73,0
2026-09-10 17:03:24.926560,Machine_A,1.95,9,36.7,12.992,0
2026-09-10 17:03:24.926560,Machine_B,3.82,9,46.3,25.493,0
2026-09-10 17:03:24.926560,Machine_C,2.26,8,40.3,16.977,0
2026-09-10 17:04:24.926560,Machine_A,2.12,10,38.6,12.7,0
2026-09-10 17:04:24.926560,Machine_B,3.75,8,46.2,28.142,0
2026-09-10 17:04:24.926560,Machine_C,2.55,9,40.8,17.018,0
2026-09-10 17:05:24.926560,Machine_A,2.16,10,37.1,12.957,0
2026-09-10 17:05:24.926560,Machine_B,3.54,9,44.8,23.607,0
2026-09-10 17:05:24.926560,Machine_C,2.6,7,40.9,22.309,0
2026-09-10 17:06:24.926560,Machine_A,1.96,9,37.2,13.039,0
2026-09-10 17:06:24.926560,Machine_B,4.12,9,47.6,27.443,0
2026-09-10 17:06:24.926560,Machine_C,2.71,8,40.6,20.318,0
2026-09-10 17:07:24.926560,Machine_A,2.04,9,40.1,13.608,0
2026-09-10 17:07:24.926560,Machine_B,3.69,9,46.9,24.572,0
2026-09-10 17:07:24.926560,Machine_C,2.29,7,39.0,19.596,0
2026-09-10 17:08:24.926560,Machine_A,2.05,11,36.4,11.206,0
2026-09-10 17:08:24.926560,Machine_B,3.84,9,46.7,25.573,0
2026-09-10 17:08:24.926560,Machine_C,2.5,9,38.4,16.636,0
2026-09-10 17:09:24.926560,Machine_A,2.07,11,38.1,11.301,0
2026-09-10 17:09:24.926560,Machine_B,3.55,10,50.2,21.318,0
2026-09-10 17:09:24.926560,Machine_C,2.44,7,40.5,20.901,0
2026-09-10 17:10:24.926560,Machine_A,2.14,10,38.5,12.829,0
2026-09-10 17:10:24.926560,Machine_B,3.92,9,47.8,26.11,0
2026-09-10 17:10:24.926560,Machine_C,2.26,7,39.8,19.349,0
2026-09-10 17:11:24.926560,Machine_A,2.2,11,37.7,11.995,0
2026-09-10 17:11:24.926560,Machine_B,3.64,10,47.1,21.814,0
2026-09-10 17:11:24.926560,Machine_C,2.27,7,38.4,19.473,0
2026-09-10 17:12:24.926560,Machine_A,2.21,10,37.9,13.288,0
2026-09-10 17:12:24.926560,Machine_B,3.45,10,48.8,20.726,0
2026-09-10 17:12:24.926560,Machine_C,2.31,9,39.5,15.403,0
2026-09-10 17:13:24.926560,Machine_A,2.08,10,38.7,12.495,0
2026-09-10 17:13:24.926560,Machine_B,3.21,10,47.0,19.236,0
2026-09-10 17:13:24.926560,Machine_C,2.67,9,39.7,17.813,0
2026-09-10 17:14:24.926560,Machine_A,1.99,9,38.1,13.289,0
2026-09-10 17:14:24.926560,Machine_B,5.09,8,56.9,38.199,1
2026-09-10 17:14:24.926560,Machine_C,2.35,8,38.7,17.605,0
2026-09-10 17:15:24.926560,Machine_A,1.92,10,37.4,11.517,0
2026-09-10 17:15:24.926560,Machine_B,3.75,8,49.9,28.14,0
2026-09-10 17:15:24.926560,Machine_C,2.41,7,38.3,20.655,0
2026-09-10 17:16:24.926560,Machine_A,2.07,9,39.1,13.796,0
2026-09-10 17:16:24.926560,Machine_B,4.09,8,48.2,30.689,0
2026-09-10 17:16:24.926560,Machine_C,2.15,7,40.6,18.454,0
2026-09-10 17:17:24.926560,Machine_A,2.16,9,39.3,14.369,0
2026-09-10 17:17:24.926560,Machine_B,3.83,8,46.7,28.749,0
2026-09-10 17:17:24.926560,Machine_C,2.28,7,41.3,19.511,0
2026-09-10 17:18:24.926560,Machine_A,2.01,9,36.3,13.429,0
2026-09-10 17:18:24.926560,Machine_B,3.78,10,50.2,22.652,0
2026-09-10 17:18:24.926560,Machine_C,2.28,7,38.7,19.542,0
2026-09-10 17:19:24.926560,Machine_A,2.07,11,38.0,11.28,0
2026-09-10 17:19:24.926560,Machine_B,4.38,10,48.7,26.271,0
2026-09-10 17:19:24.926560,Machine_C,2.7,7,42.3,23.128,0
2026-09-10 17:20:24.926560,Machine_A,2.09,10,37.8,12.554,0
2026-09-10 17:20:24.926560,Machine_B,3.64,10,47.5,21.843,0
2026-09-10 17:20:24.926560,Machine_C,2.59,9,39.4,17.287,0
2026-09-10 17:21:24.926560,Machine_A,2.09,11,37.7,11.421,0
2026-09-10 17:21:24.926560,Machine_B,3.25,8,49.8,24.356,0
2026-09-10 17:21:24.926560,Machine_C,2.28,9,40.8,15.183,0
2026-09-10 17:22:24.926560,Machine_A,1.81,10,38.9,10.857,0
2026-09-10 17:22:24.926560,Machine_B,3.87,10,47.1,23.205,0
2026-09-10 17:22:24.926560,Machine_C,2.56,8,40.2,19.189,0
2026-09-10 17:23:24.926560,Machine_A,2.12,10,38.9,12.73,0
2026-09-10 17:23:24.926560,Machine_B,3.68,8,46.8,27.617,0
2026-09-10 17:23:24.926560,Machine_C,2.51,7,39.7,21.548,0
2026-09-10 17:24:24.926560,Machine_A,2.05,9,36.9,13.638,0
2026-09-10 17:24:24.926560,Machine_B,5.78,8,59.1,43.324,1
2026-09-10 17:24:24.926560,Machine_C,2.63,9,40.1,17.522,0
2026-09-10 17:25:24.926560,Machine_A,2.13,11,38.1,11.613,0
2026-09-10 17:25:24.926560,Machine_B,6.32,10,60.3,37.948,1
2026-09-10 17:25:24.926560,Machine_C,2.63,8,40.6,19.698,0
2026-09-10 17:26:24.926560,Machine_A,2.26,10,36.7,13.564,0
2026-09-10 17:26:24.926560,Machine_B,3.76,10,50.4,22.55,0
2026-09-10 17:26:24.926560,Machine_C,2.29,7,40.4,19.599,0
2026-09-10 17:27:24.926560,Machine_A,2.04,11,36.3,11.146,0
2026-09-10 17:27:24.926560,Machine_B,3.96,9,47.3,26.413,0
2026-09-10 17:27:24.926560,Machine_C,2.29,7,39.3,19.613,0
2026-09-10 17:28:24.926560,Machine_A,1.99,10,38.0,11.915,0
2026-09-10 17:28:24.926560,Machine_B,3.61,9,49.5,24.073,0
2026-09-10 17:28:24.926560,Machine_C,2.33,7,38.4,19.958,0
2026-09-10 17:29:24.926560,Machine_A,2.11,11,38.2,11.51,0
2026-09-10 17:29:24.926560,Machine_B,5.67,8,59.0,42.551,1
2026-09-10 17:29:24.926560,Machine_C,2.14,9,39.1,14.279,0
2026-09-10 17:30:24.926560,Machine_A,2.08,11,39.6,11.365,0
2026-09-10 17:30:24.926560,Machine_B,3.62,9,49.8,24.142,0
2026-09-10 17:30:24.926560,Machine_C,2.57,8,42.5,19.283,0
2026-09-10 17:31:24.926560,Machine_A,2.15,9,37.0,14.315,0
2026-09-10 17:31:24.926560,Machine_B,4.34,8,48.3,32.53,0
2026-09-10 17:31:24.926560,Machine_C,2.45,9,42.3,16.324,0
2026-09-10 17:32:24.926560,Machine_A,2.1,10,35.6,12.572,0
2026-09-10 17:32:24.926560,Machine_B,3.67,8,48.3,27.488,0
2026-09-10 17:32:24.926560,Machine_C,2.34,8,38.2,17.541,0
2026-09-10 17:33:24.926560,Machine_A,2.04,10,38.5,12.238,0
2026-09-10 17:33:24.926560,Machine_B,3.98,8,47.4,29.861,0
2026-09-10 17:33:24.926560,Machine_C,2.4,7,39.4,20.571,0
2026-09-10 17:34:24.926560,Machine_A,2.04,11,41.1,11.129,0
2026-09-10 17:34:24.926560,Machine_B,5.95,9,58.4,39.665,1
2026-09-10 17:34:24.926560,Machine_C,2.24,8,40.1,16.771,0
2026-09-10 17:35:24.926560,Machine_A,2.07,10,37.7,12.431,0
2026-09-10 17:35:24.926560,Machine_B,3.09,10,52.1,18.531,0
2026-09-10 17:35:24.926560,Machine_C,2.24,7,39.8,19.222,0
2026-09-10 17:36:24.926560,Machine_A,2.06,10,37.1,12.356,0
2026-09-10 17:36:24.926560,Machine_B,4.15,8,47.2,31.13,0
2026-09-10 17:36:24.926560,Machine_C,2.31,7,40.3,19.77,0
2026-09-10 17:37:24.926560,Machine_A,2.08,10,36.1,12.457,0
2026-09-10 17:37:24.926560,Machine_B,5.73,10,59.7,34.359,1
2026-09-10 17:37:24.926560,Machine_C,2.47,7,41.1,21.198,0
2026-09-10 17:38:24.926560,Machine_A,2.4,11,39.6,13.071,0
2026-09-10 17:38:24.926560,Machine_B,4.03,10,49.6,24.167,0
2026-09-10 17:38:24.926560,Machine_C,2.58,7,40.3,22.119,0
2026-09-10 17:39:24.926560,Machine_A,1.99,9,34.3,13.294,0
2026-09-10 17:39:24.926560,Machine_B,4.0,10,47.7,24.015,0
2026-09-10 17:39:24.926560,Machine_C,2.35,8,37.8,17.605,0
2026-09-10 17:40:24.926560,Machine_A,2.16,10,39.1,12.944,0
2026-09-10 17:40:24.926560,Machine_B,3.5,8,49.8,26.27,0
2026-09-10 17:40:24.926560,Machine_C,2.35,7,40.1,20.157,0
2026-09-10 17:41:24.926560,Machine_A,2.14,9,36.9,14.286,0
2026-09-10 17:41:24.926560,Machine_B,3.27,8,43.5,24.492,0
2026-09-10 17:41:24.926560,Machine_C,2.4,8,41.7,18.009,0
2026-09-10 17:42:24.926560,Machine_A,2.22,11,37.6,12.095,0
2026-09-10 17:42:24.926560,Machine_B,3.58,10,44.0,21.478,0
2026-09-10 17:42:24.926560,Machine_C,2.48,8,40.7,18.621,0
2026-09-10 17:43:24.926560,Machine_A,2.26,9,40.0,15.083,0
2026-09-10 17:43:24.926560,Machine_B,3.54,9,48.2,23.577,0
2026-09-10 17:43:24.926560,Machine_C,2.5,7,40.4,21.395,0
2026-09-10 17:44:24.926560,Machine_A,2.21,10,38.4,13.29,0
2026-09-10 17:44:24.926560,Machine_B,3.83,9,46.8,25.525,0
2026-09-10 17:44:24.926560,Machine_C,2.13,9,40.3,14.22,0
2026-09-10 17:45:24.926560,Machine_A,2.17,11,40.1,11.862,0
2026-09-10 17:45:24.926560,Machine_B,4.0,9,48.6,26.678,0
2026-09-10 17:45:24.926560,Machine_C,2.53,7,40.4,21.664,0
2026-09-10 17:46:24.926560,Machine_A,2.1,9,36.8,14.017,0
2026-09-10 17:46:24.926560,Machine_B,6.52,9,64.5,43.47,1
2026-09-10 17:46:24.926560,Machine_C,2.4,7,42.1,20.529,0
2026-09-10 17:47:24.926560,Machine_A,2.1,9,37.5,13.968,0
2026-09-10 17:47:24.926560,Machine_B,3.82,10,47.1,22.942,0
2026-09-10 17:47:24.926560,Machine_C,2.29,7,40.7,19.671,0
2026-09-10 17:48:24.926560,Machine_A,2.14,11,37.1,11.684,0
2026-09-10 17:48:24.926560,Machine_B,3.43,10,49.4,20.574,0
2026-09-10 17:48:24.926560,Machine_C,2.62,9,40.5,17.467,0
2026-09-10 17:49:24.926560,Machine_A,1.93,9,37.6,12.89,0
2026-09-10 17:49:24.926560,Machine_B,4.01,10,48.5,24.043,0
2026-09-10 17:49:24.926560,Machine_C,2.69,7,40.5,23.029,0
2026-09-10 17:50:24.926560,Machine_A,2.01,10,37.1,12.043,0
2026-09-10 17:50:24.926560,Machine_B,3.75,8,46.2,28.1,0
2026-09-10 17:50:24.926560,Machine_C,2.19,7,37.8,18.793,0
2026-09-10 17:51:24.926560,Machine_A,2.05,9,39.6,13.675,0
2026-09-10 17:51:24.926560,Machine_B,5.02,10,57.6,30.126,1
2026-09-10 17:51:24.926560,Machine_C,2.46,9,37.2,16.423,0
2026-09-10 17:52:24.926560,Machine_A,2.15,10,36.7,12.9,0
2026-09-10 17:52:24.926560,Machine_B,4.38,9,47.3,29.223,0
2026-09-10 17:52:24.926560,Machine_C,2.51,9,39.4,16.742,0
2026-09-10 17:53:24.926560,Machine_A,2.15,10,37.4,12.903,0
2026-09-10 17:53:24.926560,Machine_B,4.26,10,45.3,25.542,0
2026-09-10 17:53:24.926560,Machine_C,2.42,8,39.2,18.152,0
2026-09-10 17:54:24.926560,Machine_A,2.11,9,37.8,14.088,0
2026-09-10 17:54:24.926560,Machine_B,3.66,9,52.6,24.375,0
2026-09-10 17:54:24.926560,Machine_C,2.43,8,40.7,18.262,0
2026-09-10 17:55:24.926560,Machine_A,1.97,10,36.4,11.799,0
2026-09-10 17:55:24.926560,Machine_B,3.78,9,47.4,25.175,0
2026-09-10 17:55:24.926560,Machine_C,2.37,8,40.2,17.811,0
2026-09-10 17:56:24.926560,Machine_A,2.18,9,37.1,14.528,0
2026-09-10 17:56:24.926560,Machine_B,6.59,8,59.5,49.42,1
2026-09-10 17:56:24.926560,Machine_C,2.41,9,39.9,16.074,0
2026-09-10 17:57:24.926560,Machine_A,2.07,11,37.3,11.299,0
2026-09-10 17:57:24.926560,Machine_B,3.6,8,46.4,27.025,0
2026-09-10 17:57:24.926560,Machine_C,2.4,7,40.1,20.608,0
2026-09-10 17:58:24.926560,Machine_A,2.15,11,38.4,11.746,0
2026-09-10 17:58:24.926560,Machine_B,3.63,8,49.7,27.226,0
2026-09-10 17:58:24.926560,Machine_C,2.59,9,40.9,17.263,0
2026-09-10 17:59:24.926560,Machine_A,2.1,10,39.2,12.596,0
2026-09-10 17:59:24.926560,Machine_B,3.58,9,47.9,23.868,0
2026-09-10 17:59:24.926560,Machine_C,2.33,7,38.9,19.98,0
2026-09-10 18:00:24.926560,Machine_A,1.99,10,38.0,11.948,0
2026-09-10 18:00:24.926560,Machine_B,3.84,9,48.0,25.619,0
2026-09-10 18:00:24.926560,Machine_C,2.34,8,40.9,17.557,0
2026-09-10 18:01:24.926560,Machine_A,2.0,10,39.3,12.014,0
2026-09-10 18:01:24.926560,Machine_B,3.47,9,47.5,23.149,0
2026-09-10 18:01:24.926560,Machine_C,2.34,9,38.3,15.61,0
2026-09-10 18:02:24.926560,Machine_A,2.01,10,39.7,12.075,0
2026-09-10 18:02:24.926560,Machine_B,5.75,10,59.9,34.515,1
2026-09-10 18:02:24.926560,Machine_C,2.57,8,37.2,19.289,0
2026-09-10 18:03:24.926560,Machine_A,2.18,9,39.3,14.555,0
2026-09-10 18:03:24.926560,Machine_B,4.3,10,47.2,25.801,0
2026-09-10 18:03:24.926560,Machine_C,2.23,7,39.6,19.086,0
2026-09-10 18:04:24.926560,Machine_A,2.03,9,37.8,13.506,0
2026-09-10 18:04:24.926560,Machine_B,5.38,8,57.2,40.333,1
2026-09-10 18:04:24.926560,Machine_C,2.36,8,40.1,17.676,0
2026-09-10 18:05:24.926560,Machine_A,1.9,10,33.8,11.39,0
2026-09-10 18:05:24.926560,Machine_B,4.01,9,47.2,26.746,0
2026-09-10 18:05:24.926560,Machine_C,2.5,8,41.6,18.717,0
2026-09-10 18:06:24.926560,Machine_A,2.17,10,37.2,13.013,0
2026-09-10 18:06:24.926560,Machine_B,3.81,10,49.2,22.882,0
2026-09-10 18:06:24.926560,Machine_C,2.38,8,40.9,17.885,0
2026-09-10 18:07:24.926560,Machine_A,2.09,10,39.1,12.556,0
2026-09-10 18:07:24.926560,Machine_B,3.59,10,49.4,21.556,0
2026-09-10 18:07:24.926560,Machine_C,2.35,9,39.9,15.676,0
2026-09-10 18:08:24.926560,Machine_A,1.98,9,39.4,13.177,0
2026-09-10 18:08:24.926560,Machine_B,3.63,8,51.4,27.256,0
2026-09-10 18:08:24.926560,Machine_C,2.21,8,40.7,16.585,0
2026-09-10 18:09:24.926560,Machine_A,2.15,11,38.0,11.71,0
2026-09-10 18:09:24.926560,Machine_B,3.54,8,47.6,26.529,0
2026-09-10 18:09:24.926560,Machine_C,2.62,9,39.3,17.471,0
2026-09-10 18:10:24.926560,Machine_A,2.14,10,38.6,12.868,0
2026-09-10 18:10:24.926560,Machine_B,3.74,8,49.3,28.041,0
2026-09-10 18:10:24.926560,Machine_C,2.21,9,38.8,14.729,0
2026-09-10 18:11:24.926560,Machine_A,2.13,10,37.9,12.776,0
2026-09-10 18:11:24.926560,Machine_B,3.95,8,50.5,29.648,0
2026-09-10 18:11:24.926560,Machine_C,2.52,8,40.3,18.887,0
2026-09-10 18:12:24.926560,Machine_A,2.17,9,38.9,14.444,0
2026-09-10 18:12:24.926560,Machine_B,3.78,10,48.1,22.66,0
2026-09-10 18:12:24.926560,Machine_C,2.54,9,40.0,16.955,0
2026-09-10 18:13:24.926560,Machine_A,1.99,11,39.9,10.866,0
2026-09-10 18:13:24.926560,Machine_B,3.95,9,49.1,26.313,0
2026-09-10 18:13:24.926560,Machine_C,2.33,9,40.8,15.537,0
2026-09-10 18:14:24.926560,Machine_A,2.13,10,36.1,12.764,0
2026-09-10 18:14:24.926560,Machine_B,4.52,9,50.4,30.11,0
2026-09-10 18:14:24.926560,Machine_C,2.4,9,40.4,16.027,0
2026-09-10 18:15:24.926560,Machine_A,2.17,11,38.2,11.849,0
2026-09-10 18:15:24.926560,Machine_B,3.3,8,50.1,24.719,0
2026-09-10 18:15:24.926560,Machine_C,2.53,8,40.6,18.963,0
2026-09-10 18:16:24.926560,Machine_A,2.13,10,37.3,12.803,0
2026-09-10 18:16:24.926560,Machine_B,3.44,8,47.9,25.825,0
2026-09-10 18:16:24.926560,Machine_C,2.35,7,40.4,20.111,0
2026-09-10 18:17:24.926560,Machine_A,2.12,10,37.0,12.739,0
2026-09-10 18:17:24.926560,Machine_B,5.48,8,59.8,41.081,1
2026-09-10 18:17:24.926560,Machine_C,2.49,8,40.4,18.705,0
2026-09-10 18:18:24.926560,Machine_A,2.2,9,38.8,14.68,0
2026-09-10 18:18:24.926560,Machine_B,3.98,8,47.3,29.816,0
2026-09-10 18:18:24.926560,Machine_C,2.4,9,39.9,16.031,0
2026-09-10 18:19:24.926560,Machine_A,2.13,9,38.9,14.193,0
2026-09-10 18:19:24.926560,Machine_B,3.42,8,49.3,25.643,0
2026-09-10 18:19:24.926560,Machine_C,2.33,8,41.2,17.472,0
2026-09-10 18:20:24.926560,Machine_A,2.0,9,37.8,13.328,0
2026-09-10 18:20:24.926560,Machine_B,5.37,8,60.9,40.278,1
2026-09-10 18:20:24.926560,Machine_C,2.19,7,38.7,18.803,0
2026-09-10 18:21:24.926560,Machine_A,2.21,11,37.5,12.043,0
2026-09-10 18:21:24.926560,Machine_B,4.12,9,46.9,27.5,0
2026-09-10 18:21:24.926560,Machine_C,2.35,7,41.2,20.135,0
2026-09-10 18:22:24.926560,Machine_A,2.11,11,38.4,11.527,0
2026-09-10 18:22:24.926560,Machine_B,4.02,8,46.7,30.145,0
2026-09-10 18:22:24.926560,Machine_C,2.46,7,40.0,21.063,0
2026-09-10 18:23:24.926560,Machine_A,2.12,9,37.5,14.146,0
2026-09-10 18:23:24.926560,Machine_B,3.23,10,47.2,19.395,0
2026-09-10 18:23:24.926560,Machine_C,2.72,9,41.8,18.15,0
2026-09-10 18:24:24.926560,Machine_A,2.15,9,37.9,14.338,0
2026-09-10 18:24:24.926560,Machine_B,3.8,10,45.3,22.781,0
2026-09-10 18:24:24.926560,Machine_C,2.5,7,39.1,21.423,0
2026-09-10 18:25:24.926560,Machine_A,2.09,11,35.6,11.419,0
2026-09-10 18:25:24.926560,Machine_B,4.03,9,44.2,26.846,0
2026-09-10 18:25:24.926560,Machine_C,2.24,7,42.4,19.201,0
2026-09-10 18:26:24.926560,Machine_A,2.13,10,37.6,12.784,0
2026-09-10 18:26:24.926560,Machine_B,3.72,10,50.5,22.296,0
2026-09-10 18:26:24.926560,Machine_C,2.38,8,39.8,17.822,0
2026-09-10 18:27:24.926560,Machine_A,2.09,10,38.4,12.562,0
2026-09-10 18:27:24.926560,Machine_B,2.89,9,47.2,19.238,0
2026-09-10 18:27:24.926560,Machine_C,2.49,8,40.6,18.661,0
2026-09-10 18:28:24.926560,Machine_A,2.02,11,37.3,11.012,0
2026-09-10 18:28:24.926560,Machine_B,3.48,8,49.2,26.085,0
2026-09-10 18:28:24.926560,Machine_C,2.37,8,39.1,17.777,0
2026-09-10 18:29:24.926560,Machine_A,1.89,10,41.5,11.367,0
2026-09-10 18:29:24.926560,Machine_B,5.54,9,63.9,36.9,1
2026-09-10 18:29:24.926560,Machine_C,2.48,9,39.0,16.519,0
2026-09-10 18:30:24.926560,Machine_A,2.19,11,39.4,11.929,0
2026-09-10 18:30:24.926560,Machine_B,3.78,9,52.2,25.168,0
2026-09-10 18:30:24.926560,Machine_C,2.19,9,39.8,14.588,0
2026-09-10 18:31:24.926560,Machine_A,2.11,9,37.2,14.098,0
2026-09-10 18:31:24.926560,Machine_B,6.2,9,63.4,41.305,1
2026-09-10 18:31:24.926560,Machine_C,2.58,7,39.1,22.137,0
2026-09-10 18:32:24.926560,Machine_A,2.07,10,37.6,12.411,0
2026-09-10 18:32:24.926560,Machine_B,3.6,9,49.9,23.971,0
2026-09-10 18:32:24.926560,Machine_C,2.41,8,41.0,18.06,0
2026-09-10 18:33:24.926560,Machine_A,2.02,10,36.2,12.107,0
2026-09-10 18:33:24.926560,Machine_B,4.0,9,50.1,26.649,0
2026-09-10 18:33:24.926560,Machine_C,2.15,7,38.9,18.4,0
2026-09-10 18:34:24.926560,Machine_A,2.07,11,37.2,11.291,0
2026-09-10 18:34:24.926560,Machine_B,3.71,8,48.1,27.839,0
2026-09-10 18:34:24.926560,Machine_C,2.26,8,40.6,16.986,0
2026-09-10 18:35:24.926560,Machine_A,2.05,9,37.8,13.672,0
2026-09-10 18:35:24.926560,Machine_B,3.64,10,50.7,21.867,0
2026-09-10 18:35:24.926560,Machine_C,2.4,9,39.8,16.0,0
2026-09-10 18:36:24.926560,Machine_A,2.21,11,37.4,12.034,0
2026-09-10 18:36:24.926560,Machine_B,3.25,10,45.3,19.49,0
2026-09-10 18:36:24.926560,Machine_C,2.41,8,39.1,18.11,0
2026-09-10 18:37:24.926560,Machine_A,1.83,9,38.0,12.224,0
2026-09-10 18:37:24.926560,Machine_B,5.9,9,57.9,39.32,1
2026-09-10 18:37:24.926560,Machine_C,2.56,9,37.8,17.097,0
2026-09-10 18:38:24.926560,Machine_A,2.12,10,38.9,12.746,0
2026-09-10 18:38:24.926560,Machine_B,3.69,9,47.4,24.599,0
2026-09-10 18:38:24.926560,Machine_C,2.37,8,38.6,17.812,0
2026-09-10 18:39:24.926560,Machine_A,2.17,11,37.6,11.848,0
2026-09-10 18:39:24.926560,Machine_B,3.98,9,47.6,26.508,0
2026-09-10 18:39:24.926560,Machine_C,2.49,7,41.3,21.314,0
2026-09-10 18:40:24.926560,Machine_A,2.06,9,38.7,13.743,0
2026-09-10 18:40:24.926560,Machine_B,4.26,10,48.7,25.552,0
2026-09-10 18:40:24.926560,Machine_C,2.23,7,39.8,19.131,0
2026-09-10 18:41:24.926560,Machine_A,2.15,10,37.9,12.888,0
2026-09-10 18:41:24.926560,Machine_B,4.12,9,46.3,27.457,0
2026-09-10 18:41:24.926560,Machine_C,2.52,7,39.6,21.601,0
2026-09-10 18:42:24.926560,Machine_A,2.2,10,36.2,13.206,0
2026-09-10 18:42:24.926560,Machine_B,3.52,10,50.2,21.109,0
2026-09-10 18:42:24.926560,Machine_C,2.41,8,39.8,18.054,0
2026-09-10 18:43:24.926560,Machine_A,2.0,11,34.9,10.904,0
2026-09-10 18:43:24.926560,Machine_B,4.13,8,48.6,30.946,0
2026-09-10 18:43:24.926560,Machine_C,2.22,7,40.9,19.031,0
2026-09-10 18:44:24.926560,Machine_A,1.99,9,37.2,13.275,0
2026-09-10 18:44:24.926560,Machine_B,4.36,9,49.9,29.049,0
2026-09-10 18:44:24.926560,Machine_C,2.26,7,41.4,19.377,0
2026-09-10 18:45:24.926560,Machine_A,1.94,9,34.9,12.936,0
2026-09-10 18:45:24.926560,Machine_B,5.3,9,62.7,35.354,1
2026-09-10 18:45:24.926560,Machine_C,2.51,8,43.1,18.8,0
2026-09-10 18:46:24.926560,Machine_A,2.25,9,37.3,14.977,0
2026-09-10 18:46:24.926560,Machine_B,3.51,8,46.3,26.293,0
2026-09-10 18:46:24.926560,Machine_C,2.57,9,40.5,17.16,0
2026-09-10 18:47:24.926560,Machine_A,2.26,11,39.1,12.326,0
2026-09-10 18:47:24.926560,Machine_B,3.92,9,46.9,26.164,0
2026-09-10 18:47:24.926560,Machine_C,2.08,7,42.0,17.865,0
2026-09-10 18:48:24.926560,Machine_A,2.0,9,37.0,13.324,0
2026-09-10 18:48:24.926560,Machine_B,3.32,8,47.6,24.914,0
2026-09-10 18:48:24.926560,Machine_C,2.52,9,39.4,16.788,0
2026-09-10 18:49:24.926560,Machine_A,2.1,10,36.1,12.608,0
2026-09-10 18:49:24.926560,Machine_B,3.43,9,50.5,22.861,0
2026-09-10 18:49:24.926560,Machine_C,2.43,9,40.9,16.232,0
2026-09-10 18:50:24.926560,Machine_A,2.32,11,37.0,12.646,0
2026-09-10 18:50:24.926560,Machine_B,3.72,8,50.4,27.903,0
2026-09-10 18:50:24.926560,Machine_C,2.26,8,40.4,16.914,0
2026-09-10 18:51:24.926560,Machine_A,1.89,11,38.0,10.323,0
2026-09-10 18:51:24.926560,Machine_B,3.77,10,49.6,22.592,0
2026-09-10 18:51:24.926560,Machine_C,2.48,9,40.1,16.509,0
2026-09-10 18:52:24.926560,Machine_A,2.06,10,38.0,12.34,0
2026-09-10 18:52:24.926560,Machine_B,4.01,9,48.0,26.752,0
2026-09-10 18:52:24.926560,Machine_C,2.31,9,39.5,15.429,0
2026-09-10 18:53:24.926560,Machine_A,2.07,9,36.0,13.777,0
2026-09-10 18:53:24.926560,Machine_B,4.05,9,49.3,26.983,0
2026-09-10 18:53:24.926560,Machine_C,2.3,8,39.9,17.221,0
2026-09-10 18:54:24.926560,Machine_A,2.01,9,38.3,13.407,0
2026-09-10 18:54:24.926560,Machine_B,3.98,9,44.9,26.552,0
2026-09-10 18:54:24.926560,Machine_C,2.39,7,38.3,20.492,0
2026-09-10 18:55:24.926560,Machine_A,2.13,9,40.2,14.223,0
2026-09-10 18:55:24.926560,Machine_B,3.94,8,47.7,29.575,0
2026-09-10 18:55:24.926560,Machine_C,2.54,9,42.3,16.956,0
2026-09-10 18:56:24.926560,Machine_A,1.99,11,40.9,10.851,0
2026-09-10 18:56:24.926560,Machine_B,5.69,10,60.9,34.165,1
2026-09-10 18:56:24.926560,Machine_C,2.3,7,40.1,19.749,0
2026-09-10 18:57:24.926560,Machine_A,2.05,10,37.8,12.3,0
2026-09-10 18:57:24.926560,Machine_B,4.37,8,47.8,32.766,0
2026-09-10 18:57:24.926560,Machine_C,2.51,8,41.2,18.794,0
2026-09-10 18:58:24.926560,Machine_A,2.24,9,37.6,14.937,0
2026-09-10 18:58:24.926560,Machine_B,3.92,8,48.4,29.401,0
2026-09-10 18:58:24.926560,Machine_C,2.64,9,40.3,17.631,0
2026-09-10 18:59:24.926560,Machine_A,1.96,11,40.0,10.67,0
2026-09-10 18:59:24.926560,Machine_B,3.78,10,44.5,22.696,0
2026-09-10 18:59:24.926560,Machine_C,2.51,8,41.5,18.843,0
2026-09-10 19:00:24.926560,Machine_A,2.0,9,39.2,13.332,0
2026-09-10 19:00:24.926560,Machine_B,3.72,10,47.9,22.336,0
2026-09-10 19:00:24.926560,Machine_C,2.42,9,40.4,16.102,0
2026-09-10 19:01:24.926560,Machine_A,2.07,11,38.0,11.305,0
2026-09-10 19:01:24.926560,Machine_B,3.98,8,49.3,29.824,0
2026-09-10 19:01:24.926560,Machine_C,2.49,7,39.8,21.363,0
2026-09-10 19:02:24.926560,Machine_A,2.14,11,38.7,11.669,0
2026-09-10 19:02:24.926560,Machine_B,3.91,10,50.0,23.458,0
2026-09-10 19:02:24.926560,Machine_C,2.3,8,39.3,17.221,0
2026-09-10 19:03:24.926560,Machine_A,2.11,9,38.3,14.059,0
2026-09-10 19:03:24.926560,Machine_B,3.67,8,50.1,27.544,0
2026-09-10 19:03:24.926560,Machine_C,2.34,8,39.7,17.528,0
2026-09-10 19:04:24.926560,Machine_A,2.18,9,36.2,14.532,0
2026-09-10 19:04:24.926560,Machine_B,3.84,9,47.4,25.604,0
2026-09-10 19:04:24.926560,Machine_C,2.11,8,40.7,15.825,0
2026-09-10 19:05:24.926560,Machine_A,2.01,11,38.0,10.98,0
2026-09-10 19:05:24.926560,Machine_B,3.46,9,49.5,23.038,0
2026-09-10 19:05:24.926560,Machine_C,2.44,7,37.9,20.922,0
2026-09-10 19:06:24.926560,Machine_A,2.01,11,40.1,10.974,0
2026-09-10 19:06:24.926560,Machine_B,3.87,8,49.9,29.027,0
2026-09-10 19:06:24.926560,Machine_C,2.23,8,40.3,16.708,0
2026-09-10 19:07:24.926560,Machine_A,2.15,9,40.7,14.366,0
2026-09-10 19:07:24.926560,Machine_B,5.75,10,60.8,34.478,1
2026-09-10 19:07:24.926560,Machine_C,2.43,7,39.6,20.853,0
2026-09-10 19:08:24.926560,Machine_A,2.2,9,35.1,14.694,0
2026-09-10 19:08:24.926560,Machine_B,6.16,9,60.6,41.086,1
2026-09-10 19:08:24.926560,Machine_C,2.3,8,40.0,17.285,0
2026-09-10 19:09:24.926560,Machine_A,2.03,10,36.1,12.157,0
2026-09-10 19:09:24.926560,Machine_B,3.53,10,45.0,21.198,0
2026-09-10 19:09:24.926560,Machine_C,2.52,7,39.8,21.583,0
2026-09-10 19:10:24.926560,Machine_A,2.09,9,39.4,13.919,0
2026-09-10 19:10:24.926560,Machine_B,3.29,10,50.5,19.724,0
2026-09-10 19:10:24.926560,Machine_C,2.15,8,39.8,16.099,0
2026-09-10 19:11:24.926560,Machine_A,2.12,11,38.4,11.548,0
2026-09-10 19:11:24.926560,Machine_B,6.08,8,61.7,45.607,1
2026-09-10 19:11:24.926560,Machine_C,2.54,9,41.7,16.963,0
2026-09-10 19:12:24.926560,Machine_A,2.28,10,38.0,13.671,0
2026-09-10 19:12:24.926560,Machine_B,3.68,9,42.9,24.521,0
2026-09-10 19:12:24.926560,Machine_C,2.37,8,39.4,17.768,0
2026-09-10 19:13:24.926560,Machine_A,2.03,11,40.5,11.054,0
2026-09-10 19:13:24.926560,Machine_B,5.85,9,65.2,38.992,1
2026-09-10 19:13:24.926560,Machine_C,2.31,8,38.5,17.355,0
2026-09-10 19:14:24.926560,Machine_A,2.18,11,39.0,11.864,0
2026-09-10 19:14:24.926560,Machine_B,3.63,10,48.5,21.8,0
2026-09-10 19:14:24.926560,Machine_C,2.52,9,40.4,16.819,0
2026-09-10 19:15:24.926560,Machine_A,2.07,9,36.0,13.814,0
2026-09-10 19:15:24.926560,Machine_B,3.64,9,46.6,24.239,0
2026-09-10 19:15:24.926560,Machine_C,2.47,7,41.7,21.131,0
2026-09-10 19:16:24.926560,Machine_A,2.06,9,39.8,13.705,0
2026-09-10 19:16:24.926560,Machine_B,3.88,10,48.8,23.29,0
2026-09-10 19:16:24.926560,Machine_C,2.59,8,39.5,19.458,0
2026-09-10 19:17:24.926560,Machine_A,2.21,9,37.2,14.728,0
2026-09-10 19:17:24.926560,Machine_B,4.38,8,50.6,32.864,0
2026-09-10 19:17:24.926560,Machine_C,2.59,8,42.6,19.452,0
2026-09-10 19:18:24.926560,Machine_A,2.14,11,38.8,11.646,0
2026-09-10 19:18:24.926560,Machine_B,4.13,9,45.8,27.56,0
2026-09-10 19:18:24.926560,Machine_C,2.56,9,38.8,17.041,0
2026-09-10 19:19:24.926560,Machine_A,2.17,10,36.4,13.006,0
2026-09-10 19:19:24.926560,Machine_B,3.76,9,44.4,25.035,0
2026-09-10 19:19:24.926560,Machine_C,2.57,8,39.5,19.261,0
2026-09-10 19:20:24.926560,Machine_A,2.21,9,37.6,14.727,0
2026-09-10 19:20:24.926560,Machine_B,5.56,8,63.1,41.67,1
2026-09-10 19:20:24.926560,Machine_C,2.44,7,40.3,20.937,0
2026-09-10 19:21:24.926560,Machine_A,2.15,11,36.8,11.714,0
2026-09-10 19:21:24.926560,Machine_B,3.57,8,46.0,26.792,0
2026-09-10 19:21:24.926560,Machine_C,2.45,7,40.5,20.968,0
2026-09-10 19:22:24.926560,Machine_A,2.02,10,38.3,12.117,0
2026-09-10 19:22:24.926560,Machine_B,3.81,9,47.3,25.404,0
2026-09-10 19:22:24.926560,Machine_C,2.17,7,39.8,18.63,0
2026-09-10 19:23:24.926560,Machine_A,1.99,9,37.6,13.241,0
2026-09-10 19:23:24.926560,Machine_B,4.0,9,48.2,26.642,0
2026-09-10 19:23:24.926560,Machine_C,2.23,8,39.8,16.737,0
2026-09-10 19:24:24.926560,Machine_A,2.12,9,36.6,14.117,0
2026-09-10 19:24:24.926560,Machine_B,3.93,9,49.3,26.227,0
2026-09-10 19:24:24.926560,Machine_C,2.16,8,39.3,16.189,0
2026-09-10 19:25:24.926560,Machine_A,2.36,11,38.8,12.856,0
2026-09-10 19:25:24.926560,Machine_B,3.58,8,47.9,26.871,0
2026-09-10 19:25:24.926560,Machine_C,2.32,7,39.2,19.912,0
2026-09-10 19:26:24.926560,Machine_A,2.32,9,40.5,15.483,0
2026-09-10 19:26:24.926560,Machine_B,3.7,8,49.5,27.719,0
2026-09-10 19:26:24.926560,Machine_C,2.24,9,40.4,14.946,0
2026-09-10 19:27:24.926560,Machine_A,2.2,9,36.7,14.666,0
2026-09-10 19:27:24.926560,Machine_B,4.04,10,44.6,24.24,0
2026-09-10 19:27:24.926560,Machine_C,2.49,7,36.4,21.369,0
2026-09-10 19:28:24.926560,Machine_A,2.24,10,37.3,13.418,0
2026-09-10 19:28:24.926560,Machine_B,3.92,9,48.7,26.149,0
2026-09-10 19:28:24.926560,Machine_C,2.28,7,39.6,19.529,0
2026-09-10 19:29:24.926560,Machine_A,2.07,9,35.1,13.767,0
2026-09-10 19:29:24.926560,Machine_B,5.3,9,58.4,35.331,1
2026-09-10 19:29:24.926560,Machine_C,2.04,9,38.7,13.576,0
2026-09-10 19:30:24.926560,Machine_A,2.13,10,39.9,12.751,0
2026-09-10 19:30:24.926560,Machine_B,3.47,9,47.9,23.141,0
2026-09-10 19:30:24.926560,Machine_C,2.59,8,40.4,19.411,0
2026-09-10 19:31:24.926560,Machine_A,2.02,10,39.2,12.104,0
2026-09-10 19:31:24.926560,Machine_B,3.62,8,46.8,27.181,0
2026-09-10 19:31:24.926560,Machine_C,2.53,8,40.0,18.948,0
2026-09-10 19:32:24.926560,Machine_A,1.97,10,35.6,11.831,0
2026-09-10 19:32:24.926560,Machine_B,3.48,8,48.8,26.074,0
2026-09-10 19:32:24.926560,Machine_C,2.54,8,40.9,19.086,0
2026-09-10 19:33:24.926560,Machine_A,1.97,9,34.7,13.113,0
2026-09-10 19:33:24.926560,Machine_B,4.12,10,47.4,24.716,0
2026-09-10 19:33:24.926560,Machine_C,2.42,7,40.1,20.704,0
2026-09-10 19:34:24.926560,Machine_A,2.1,10,36.5,12.612,0
2026-09-10 19:34:24.926560,Machine_B,3.42,8,46.8,25.622,0
2026-09-10 19:34:24.926560,Machine_C,2.41,9,39.2,16.062,0
2026-09-10 19:35:24.926560,Machine_A,2.0,10,39.7,12.011,0
2026-09-10 19:35:24.926560,Machine_B,3.96,10,48.2,23.762,0
2026-09-10 19:35:24.926560,Machine_C,2.27,8,41.2,17.029,0
2026-09-10 19:36:24.926560,Machine_A,2.08,10,39.7,12.477,0
2026-09-10 19:36:24.926560,Machine_B,3.78,9,45.3,25.213,0
2026-09-10 19:36:24.926560,Machine_C,2.29,9,40.6,15.291,0
2026-09-10 19:37:24.926560,Machine_A,2.22,11,38.2,12.087,0
2026-09-10 19:37:24.926560,Machine_B,3.51,9,47.2,23.374,0
2026-09-10 19:37:24.926560,Machine_C,1.93,9,41.5,12.868,0
2026-09-10 19:38:24.926560,Machine_A,2.09,11,40.4,11.397,0
2026-09-10 19:38:24.926560,Machine_B,3.57,10,44.5,21.412,0
2026-09-10 19:38:24.926560,Machine_C,2.45,9,41.0,16.352,0
2026-09-10 19:39:24.926560,Machine_A,2.17,11,37.1,11.83,0
2026-09-10 19:39:24.926560,Machine_B,6.46,8,60.8,48.48,1
2026-09-10 19:39:24.926560,Machine_C,2.61,9,39.4,17.368,0
2026-09-10 19:40:24.926560,Machine_A,2.01,10,38.1,12.042,0
2026-09-10 19:40:24.926560,Machine_B,5.8,10,58.4,34.794,1
2026-09-10 19:40:24.926560,Machine_C,2.55,8,41.4,19.098,0
2026-09-10 19:41:24.926560,Machine_A,2.12,10,41.2,12.698,0
2026-09-10 19:41:24.926560,Machine_B,3.21,8,47.5,24.047,0
2026-09-10 19:41:24.926560,Machine_C,2.28,7,41.1,19.544,0
2026-09-10 19:42:24.926560,Machine_A,2.14,11,39.2,11.667,0
2026-09-10 19:42:24.926560,Machine_B,4.25,9,48.8,28.364,0
2026-09-10 19:42:24.926560,Machine_C,2.3,9,40.8,15.332,0
2026-09-10 19:43:24.926560,Machine_A,2.08,10,38.0,12.49,0
2026-09-10 19:43:24.926560,Machine_B,4.39,10,48.9,26.328,0
2026-09-10 19:43:24.926560,Machine_C,2.1,8,40.1,15.736,0
2026-09-10 19:44:24.926560,Machine_A,2.11,11,38.6,11.528,0
2026-09-10 19:44:24.926560,Machine_B,4.32,9,46.6,28.814,0
2026-09-10 19:44:24.926560,Machine_C,2.34,8,42.1,17.574,0
2026-09-10 19:45:24.926560,Machine_A,2.04,9,38.2,13.583,0
2026-09-10 19:45:24.926560,Machine_B,3.14,10,51.2,18.85,0
2026-09-10 19:45:24.926560,Machine_C,2.27,9,39.6,15.101,0
2026-09-10 19:46:24.926560,Machine_A,2.12,9,35.9,14.11,0
2026-09-10 19:46:24.926560,Machine_B,3.89,10,48.6,23.332,0
2026-09-10 19:46:24.926560,Machine_C,2.55,7,39.6,21.847,0
2026-09-10 19:47:24.926560,Machine_A,2.02,10,36.8,12.128,0
2026-09-10 19:47:24.926560,Machine_B,3.48,9,43.5,23.23,0
2026-09-10 19:47:24.926560,Machine_C,2.34,9,40.1,15.58,0
2026-09-10 19:48:24.926560,Machine_A,1.94,11,36.0,10.58,0
2026-09-10 19:48:24.926560,Machine_B,3.43,10,45.0,20.569,0
2026-09-10 19:48:24.926560,Machine_C,2.44,7,39.3,20.956,0
2026-09-10 19:49:24.926560,Machine_A,2.18,11,37.1,11.866,0
2026-09-10 19:49:24.926560,Machine_B,4.26,10,49.6,25.589,0
2026-09-10 19:49:24.926560,Machine_C,2.37,9,39.9,15.821,0
2026-09-10 19:50:24.926560,Machine_A,2.08,9,38.5,13.843,0
2026-09-10 19:50:24.926560,Machine_B,4.04,8,47.1,30.313,0
2026-09-10 19:50:24.926560,Machine_C,2.31,8,40.0,17.35,0
2026-09-10 19:51:24.926560,Machine_A,2.18,9,36.0,14.505,0
2026-09-10 19:51:24.926560,Machine_B,4.17,9,47.6,27.781,0
2026-09-10 19:51:24.926560,Machine_C,2.49,9,38.5,16.601,0
2026-09-10 19:52:24.926560,Machine_A,2.0,10,38.6,12.016,0
2026-09-10 19:52:24.926560,Machine_B,3.87,8,47.0,29.017,0
2026-09-10 19:52:24.926560,Machine_C,2.38,7,38.9,20.369,0
2026-09-10 19:53:24.926560,Machine_A,2.18,11,38.1,11.875,0
2026-09-10 19:53:24.926560,Machine_B,3.72,8,44.5,27.872,0
2026-09-10 19:53:24.926560,Machine_C,2.08,7,41.2,17.846,0
2026-09-10 19:54:24.926560,Machine_A,2.1,10,39.0,12.619,0
2026-09-10 19:54:24.926560,Machine_B,5.56,10,63.0,33.376,1
2026-09-10 19:54:24.926560,Machine_C,2.33,9,38.9,15.522,0
2026-09-10 19:55:24.926560,Machine_A,2.03,10,38.3,12.199,0
2026-09-10 19:55:24.926560,Machine_B,3.75,10,48.1,22.486,0
2026-09-10 19:55:24.926560,Machine_C,2.5,8,42.5,18.755,0
2026-09-10 19:56:24.926560,Machine_A,2.04,9,37.6,13.631,0
2026-09-10 19:56:24.926560,Machine_B,5.68,8,60.6,42.577,1
2026-09-10 19:56:24.926560,Machine_C,2.47,9,41.0,16.451,0
2026-09-10 19:57:24.926560,Machine_A,1.96,11,39.0,10.667,0
2026-09-10 19:57:24.926560,Machine_B,4.43,9,47.6,29.533,0
2026-09-10 19:57:24.926560,Machine_C,2.64,9,39.4,17.62,0
2026-09-10 19:58:24.926560,Machine_A,2.13,9,37.0,14.21,0
2026-09-10 19:58:24.926560,Machine_B,6.26,10,60.9,37.573,1
2026-09-10 19:58:24.926560,Machine_C,2.56,8,40.1,19.168,0
2026-09-10 19:59:24.926560,Machine_A,2.11,10,37.7,12.665,0
2026-09-10 19:59:24.926560,Machine_B,3.52,10,45.6,21.114,0
2026-09-10 19:59:24.926560,Machine_C,2.42,8,40.9,18.127,0
2026-09-10 20:00:24.926560,Machine_A,2.09,10,36.1,12.57,0
2026-09-10 20:00:24.926560,Machine_B,4.0,8,50.4,30.011,0
2026-09-10 20:00:24.926560,Machine_C,2.43,9,39.9,16.205,0
2026-09-10 20:01:24.926560,Machine_A,2.18,10,38.4,13.106,0
2026-09-10 20:01:24.926560,Machine_B,4.43,10,46.0,26.552,0
2026-09-10 20:01:24.926560,Machine_C,2.52,9,39.4,16.786,0
2026-09-10 20:02:24.926560,Machine_A,2.21,9,36.6,14.764,0
2026-09-10 20:02:24.926560,Machine_B,4.28,9,49.1,28.531,0
2026-09-10 20:02:24.926560,Machine_C,1.97,9,40.0,13.105,0
2026-09-10 20:03:24.926560,Machine_A,2.0,10,38.5,12.028,0
2026-09-10 20:03:24.926560,Machine_B,3.54,8,46.4,26.529,0
2026-09-10 20:03:24.926560,Machine_C,2.56,8,39.5,19.231,0
2026-09-10 20:04:24.926560,Machine_A,2.09,10,36.6,12.567,0
2026-09-10 20:04:24.926560,Machine_B,3.59,9,49.3,23.923,0
2026-09-10 20:04:24.926560,Machine_C,2.38,7,38.0,20.372,0
2026-09-10 20:05:24.926560,Machine_A,2.12,9,39.1,14.109,0
2026-09-10 20:05:24.926560,Machine_B,3.67,10,46.7,22.015,0
2026-09-10 20:05:24.926560,Machine_C,2.52,9,40.8,16.797,0
2026-09-10 20:06:24.926560,Machine_A,2.07,9,38.8,13.782,0
2026-09-10 20:06:24.926560,Machine_B,3.76,9,49.0,25.035,0
2026-09-10 20:06:24.926560,Machine_C,2.39,9,38.1,15.915,0
2026-09-10 20:07:24.926560,Machine_A,1.93,10,35.9,11.57,0
2026-09-10 20:07:24.926560,Machine_B,3.92,10,49.0,23.507,0
2026-09-10 20:07:24.926560,Machine_C,2.44,9,40.1,16.285,0
2026-09-10 20:08:24.926560,Machine_A,2.14,9,38.1,14.295,0
2026-09-10 20:08:24.926560,Machine_B,3.68,9,46.5,24.534,0
2026-09-10 20:08:24.926560,Machine_C,2.42,7,41.1,20.759,0
2026-09-10 20:09:24.926560,Machine_A,2.09,9,38.9,13.93,0
2026-09-10 20:09:24.926560,Machine_B,3.62,8,47.9,27.171,0
2026-09-10 20:09:24.926560,Machine_C,2.25,8,39.6,16.899,0
2026-09-10 20:10:24.926560,Machine_A,2.14,11,39.3,11.658,0
2026-09-10 20:10:24.926560,Machine_B,3.82,10,47.4,22.915,0
2026-09-10 20:10:24.926560,Machine_C,2.4,9,39.3,15.969,0
2026-09-10 20:11:24.926560,Machine_A,2.14,9,37.4,14.263,0
2026-09-10 20:11:24.926560,Machine_B,4.17,9,47.6,27.792,0
2026-09-10 20:11:24.926560,Machine_C,2.48,9,38.1,16.556,0
2026-09-10 20:12:24.926560,Machine_A,2.03,9,39.6,13.56,0
2026-09-10 20:12:24.926560,Machine_B,3.67,9,45.6,24.437,0
2026-09-10 20:12:24.926560,Machine_C,2.28,7,41.9,19.532,0
2026-09-10 20:13:24.926560,Machine_A,2.16,10,40.1,12.948,0
2026-09-10 20:13:24.926560,Machine_B,3.82,8,50.1,28.668,0
2026-09-10 20:13:24.926560,Machine_C,2.13,9,40.4,14.231,0
2026-09-10 20:14:24.926560,Machine_A,1.9,10,39.0,11.416,0
2026-09-10 20:14:24.926560,Machine_B,3.79,9,46.0,25.298,0
2026-09-10 20:14:24.926560,Machine_C,2.39,7,38.8,20.513,0
2026-09-10 20:15:24.926560,Machine_A,1.96,9,39.4,13.046,0
2026-09-10 20:15:24.926560,Machine_B,4.09,9,46.6,27.266,0
2026-09-10 20:15:24.926560,Machine_C,2.63,9,39.7,17.503,0
2026-09-10 20:16:24.926560,Machine_A,2.04,9,37.7,13.609,0
2026-09-10 20:16:24.926560,Machine_B,3.82,9,48.7,25.49,0
2026-09-10 20:16:24.926560,Machine_C,2.17,7,42.8,18.568,0
2026-09-10 20:17:24.926560,Machine_A,2.16,10,37.2,12.945,0
2026-09-10 20:17:24.926560,Machine_B,6.09,10,59.1,36.513,1
2026-09-10 20:17:24.926560,Machine_C,2.4,8,38.8,18.033,0
2026-09-10 20:18:24.926560,Machine_A,2.09,9,40.9,13.929,0
2026-09-10 20:18:24.926560,Machine_B,4.26,10,50.1,25.553,0
2026-09-10 20:18:24.926560,Machine_C,2.43,7,39.5,20.859,0
2026-09-10 20:19:24.926560,Machine_A,2.14,9,39.0,14.253,0
2026-09-10 20:19:24.926560,Machine_B,3.46,9,51.2,23.054,0
2026-09-10 20:19:24.926560,Machine_C,2.38,7,37.7,20.411,0
2026-09-10 20:20:24.926560,Machine_A,2.0,11,38.1,10.924,0
2026-09-10 20:20:24.926560,Machine_B,4.13,10,50.9,24.786,0
2026-09-10 20:20:24.926560,Machine_C,2.24,9,39.1,14.951,0
2026-09-10 20:21:24.926560,Machine_A,1.97,11,36.9,10.737,0
2026-09-10 20:21:24.926560,Machine_B,3.76,9,46.3,25.05,0
2026-09-10 20:21:24.926560,Machine_C,2.68,9,40.6,17.834,0
2026-09-10 20:22:24.926560,Machine_A,2.16,11,37.5,11.763,0
2026-09-10 20:22:24.926560,Machine_B,5.93,10,57.3,35.587,1
2026-09-10 20:22:24.926560,Machine_C,2.36,9,39.9,15.764,0
2026-09-10 20:23:24.926560,Machine_A,1.99,9,39.6,13.253,0
2026-09-10 20:23:24.926560,Machine_B,4.0,9,51.5,26.679,0
2026-09-10 20:23:24.926560,Machine_C,2.46,9,42.6,16.406,0
2026-09-10 20:24:24.926560,Machine_A,1.95,11,40.8,10.66,0
2026-09-10 20:24:24.926560,Machine_B,3.87,10,43.6,23.245,0
2026-09-10 20:24:24.926560,Machine_C,2.12,7,40.4,18.169,0
2026-09-10 20:25:24.926560,Machine_A,2.08,11,37.8,11.343,0
2026-09-10 20:25:24.926560,Machine_B,3.53,8,51.1,26.46,0
2026-09-10 20:25:24.926560,Machine_C,2.59,9,42.6,17.299,0
2026-09-10 20:26:24.926560,Machine_A,2.0,9,39.0,13.35,0
2026-09-10 20:26:24.926560,Machine_B,4.19,8,47.4,31.389,0
2026-09-10 20:26:24.926560,Machine_C,2.3,7,39.3,19.727,0
2026-09-10 20:27:24.926560,Machine_A,2.07,10,40.3,12.439,0
2026-09-10 20:27:24.926560,Machine_B,3.39,10,50.5,20.352,0
2026-09-10 20:27:24.926560,Machine_C,2.3,7,40.5,19.738,0
2026-09-10 20:28:24.926560,Machine_A,2.11,9,36.5,14.064,0
2026-09-10 20:28:24.926560,Machine_B,4.39,10,47.1,26.327,0
2026-09-10 20:28:24.926560,Machine_C,2.19,9,39.5,14.609,0
2026-09-10 20:29:24.926560,Machine_A,2.05,9,38.2,13.695,0
2026-09-10 20:29:24.926560,Machine_B,4.13,10,47.2,24.781,0
2026-09-10 20:29:24.926560,Machine_C,2.24,7,41.0,19.186,0
2026-09-10 20:30:24.926560,Machine_A,1.85,9,38.5,12.335,0
2026-09-10 20:30:24.926560,Machine_B,3.73,10,48.0,22.405,0
2026-09-10 20:30:24.926560,Machine_C,2.37,9,38.9,15.816,0
2026-09-10 20:31:24.926560,Machine_A,2.0,10,39.3,12.017,0
2026-09-10 20:31:24.926560,Machine_B,3.95,10,47.8,23.71,0
2026-09-10 20:31:24.926560,Machine_C,2.27,8,40.5,16.994,0
2026-09-10 20:32:24.926560,Machine_A,2.15,9,36.0,14.318,0
2026-09-10 20:32:24.926560,Machine_B,3.68,10,49.0,22.083,0
2026-09-10 20:32:24.926560,Machine_C,2.42,8,38.9,18.183,0
2026-09-10 20:33:24.926560,Machine_A,1.99,10,39.2,11.923,0
2026-09-10 20:33:24.926560,Machine_B,3.41,8,48.5,25.55,0
2026-09-10 20:33:24.926560,Machine_C,2.08,8,39.8,15.622,0
2026-09-10 20:34:24.926560,Machine_A,2.17,11,37.0,11.862,0
2026-09-10 20:34:24.926560,Machine_B,4.16,9,46.1,27.703,0
2026-09-10 20:34:24.926560,Machine_C,2.27,9,41.3,15.161,0
2026-09-10 20:35:24.926560,Machine_A,2.0,9,39.4,13.362,0
2026-09-10 20:35:24.926560,Machine_B,3.4,10,49.5,20.422,0
2026-09-10 20:35:24.926560,Machine_C,2.36,7,40.2,20.26,0
2026-09-10 20:36:24.926560,Machine_A,2.15,11,39.3,11.723,0
2026-09-10 20:36:24.926560,Machine_B,3.95,8,47.1,29.608,0
2026-09-10 20:36:24.926560,Machine_C,2.42,8,40.0,18.154,0
2026-09-10 20:37:24.926560,Machine_A,2.1,9,38.8,13.967,0
2026-09-10 20:37:24.926560,Machine_B,4.01,10,46.9,24.066,0
2026-09-10 20:37:24.926560,Machine_C,2.4,7,42.8,20.6,0
2026-09-10 20:38:24.926560,Machine_A,2.02,9,41.2,13.458,0
2026-09-10 20:38:24.926560,Machine_B,3.34,9,48.5,22.236,0
2026-09-10 20:38:24.926560,Machine_C,2.41,9,39.7,16.079,0
2026-09-10 20:39:24.926560,Machine_A,2.1,11,40.7,11.456,0
2026-09-10 20:39:24.926560,Machine_B,4.01,9,43.7,26.705,0
2026-09-10 20:39:24.926560,Machine_C,2.29,9,38.3,15.277,0
2026-09-10 20:40:24.926560,Machine_A,2.1,11,39.1,11.443,0
2026-09-10 20:40:24.926560,Machine_B,4.1,8,50.4,30.78,0
2026-09-10 20:40:24.926560,Machine_C,2.58,7,41.0,22.102,0
2026-09-10 20:41:24.926560,Machine_A,1.97,9,37.2,13.126,0
2026-09-10 20:41:24.926560,Machine_B,3.56,9,48.1,23.739,0
2026-09-10 20:41:24.926560,Machine_C,2.33,8,41.2,17.465,0
2026-09-10 20:42:24.926560,Machine_A,2.0,9,38.8,13.334,0
2026-09-10 20:42:24.926560,Machine_B,3.97,8,47.5,29.761,0
2026-09-10 20:42:24.926560,Machine_C,2.47,8,38.8,18.526,0
2026-09-10 20:43:24.926560,Machine_A,2.14,9,39.9,14.281,0
2026-09-10 20:43:24.926560,Machine_B,3.37,8,46.8,25.27,0
2026-09-10 20:43:24.926560,Machine_C,2.56,7,39.8,21.985,0
2026-09-10 20:44:24.926560,Machine_A,2.13,9,37.3,14.168,0
2026-09-10 20:44:24.926560,Machine_B,4.45,8,48.4,33.402,0
2026-09-10 20:44:24.926560,Machine_C,2.44,7,40.4,20.892,0
2026-09-10 20:45:24.926560,Machine_A,1.94,11,39.5,10.562,0
2026-09-10 20:45:24.926560,Machine_B,3.85,9,45.9,25.658,0
2026-09-10 20:45:24.926560,Machine_C,2.29,7,38.1,19.668,0
2026-09-10 20:46:24.926560,Machine_A,2.15,11,36.7,11.729,0
2026-09-10 20:46:24.926560,Machine_B,3.79,9,45.9,25.243,0
2026-09-10 20:46:24.926560,Machine_C,2.6,7,40.3,22.251,0
2026-09-10 20:47:24.926560,Machine_A,2.18,9,39.5,14.552,0
2026-09-10 20:47:24.926560,Machine_B,5.69,9,62.9,37.966,1
2026-09-10 20:47:24.926560,Machine_C,2.06,7,40.0,17.69,0
2026-09-10 20:48:24.926560,Machine_A,2.07,9,39.8,13.802,0
2026-09-10 20:48:24.926560,Machine_B,3.9,9,51.0,26.016,0
2026-09-10 20:48:24.926560,Machine_C,2.4,8,40.3,18.01,0
2026-09-10 20:49:24.926560,Machine_A,2.1,11,39.1,11.481,0
2026-09-10 20:49:24.926560,Machine_B,4.29,9,48.8,28.615,0
2026-09-10 20:49:24.926560,Machine_C,2.27,8,41.1,17.06,0
2026-09-10 20:50:24.926560,Machine_A,2.15,9,40.5,14.356,0
2026-09-10 20:50:24.926560,Machine_B,3.5,10,48.4,20.977,0
2026-09-10 20:50:24.926560,Machine_C,2.24,7,41.3,19.193,0
2026-09-10 20:51:24.926560,Machine_A,1.97,11,40.0,10.726,0
2026-09-10 20:51:24.926560,Machine_B,3.82,9,47.0,25.443,0
2026-09-10 20:51:24.926560,Machine_C,2.21,8,39.3,16.541,0
2026-09-10 20:52:24.926560,Machine_A,2.04,11,38.2,11.114,0
2026-09-10 20:52:24.926560,Machine_B,3.88,9,47.9,25.862,0
2026-09-10 20:52:24.926560,Machine_C,2.51,8,40.1,18.839,0
2026-09-10 20:53:24.926560,Machine_A,2.08,11,36.7,11.366,0
2026-09-10 20:53:24.926560,Machine_B,4.21,9,47.7,28.09,0
2026-09-10 20:53:24.926560,Machine_C,2.43,7,39.3,20.871,0
2026-09-10 20:54:24.926560,Machine_A,2.28,10,38.2,13.662,0
2026-09-10 20:54:24.926560,Machine_B,3.94,9,46.1,26.295,0
2026-09-10 20:54:24.926560,Machine_C,2.31,7,39.9,19.805,0
2026-09-10 20:55:24.926560,Machine_A,2.2,9,36.1,14.694,0
2026-09-10 20:55:24.926560,Machine_B,4.2,10,47.5,25.17,0
2026-09-10 20:55:24.926560,Machine_C,2.52,8,39.2,18.925,0
2026-09-10 20:56:24.926560,Machine_A,2.11,10,38.7,12.662,0
2026-09-10 20:56:24.926560,Machine_B,3.94,8,45.5,29.54,0
2026-09-10 20:56:24.926560,Machine_C,2.54,7,41.3,21.793,0
2026-09-10 20:57:24.926560,Machine_A,2.25,11,38.2,12.258,0
2026-09-10 20:57:24.926560,Machine_B,3.89,9,46.9,25.937,0
2026-09-10 20:57:24.926560,Machine_C,2.33,7,40.8,20.012,0
2026-09-10 20:58:24.926560,Machine_A,2.21,11,37.1,12.049,0
2026-09-10 20:58:24.926560,Machine_B,6.4,9,57.9,42.646,1
2026-09-10 20:58:24.926560,Machine_C,2.4,9,40.7,15.983,0
2026-09-10 20:59:24.926560,Machine_A,2.1,9,39.8,14.001,0
2026-09-10 20:59:24.926560,Machine_B,4.2,8,52.4,31.487,0
2026-09-10 20:59:24.926560,Machine_C,2.59,9,40.9,17.291,0
2026-09-10 21:00:24.926560,Machine_A,2.0,9,38.9,13.343,0
2026-09-10 21:00:24.926560,Machine_B,5.74,10,59.2,34.443,1
2026-09-10 21:00:24.926560,Machine_C,2.38,9,39.1,15.841,0
2026-09-10 21:01:24.926560,Machine_A,1.93,9,38.2,12.883,0
2026-09-10 21:01:24.926560,Machine_B,3.63,10,48.4,21.773,0
2026-09-10 21:01:24.926560,Machine_C,2.2,8,38.2,16.521,0
2026-09-10 21:02:24.926560,Machine_A,2.21,11,38.3,12.074,0
2026-09-10 21:02:24.926560,Machine_B,3.72,8,45.4,27.915,0
2026-09-10 21:02:24.926560,Machine_C,2.43,8,39.8,18.221,0
2026-09-10 21:03:24.926560,Machine_A,2.32,10,36.6,13.943,0
2026-09-10 21:03:24.926560,Machine_B,3.77,8,50.5,28.262,0
2026-09-10 21:03:24.926560,Machine_C,2.29,8,39.9,17.182,0
2026-09-10 21:04:24.926560,Machine_A,2.19,11,38.7,11.943,0
2026-09-10 21:04:24.926560,Machine_B,3.42,10,49.5,20.5,0
2026-09-10 21:04:24.926560,Machine_C,2.13,7,38.4,18.262,0
2026-09-10 21:05:24.926560,Machine_A,2.18,11,38.5,11.889,0
2026-09-10 21:05:24.926560,Machine_B,3.63,10,45.8,21.806,0
2026-09-10 21:05:24.926560,Machine_C,2.61,9,40.5,17.371,0
2026-09-10 21:06:24.926560,Machine_A,2.33,10,40.8,13.975,0
2026-09-10 21:06:24.926560,Machine_B,4.91,8,59.6,36.85,1
2026-09-10 21:06:24.926560,Machine_C,2.55,9,40.1,16.984,0
2026-09-10 21:07:24.926560,Machine_A,2.28,11,37.9,12.41,0
2026-09-10 21:07:24.926560,Machine_B,3.32,9,46.1,22.123,0
2026-09-10 21:07:24.926560,Machine_C,2.61,7,40.0,22.399,0
2026-09-10 21:08:24.926560,Machine_A,2.22,9,38.0,14.8,0
2026-09-10 21:08:24.926560,Machine_B,3.79,8,48.5,28.392,0
2026-09-10 21:08:24.926560,Machine_C,2.19,9,40.4,14.574,0
2026-09-10 21:09:24.926560,Machine_A,2.09,9,40.4,13.911,0
2026-09-10 21:09:24.926560,Machine_B,3.66,10,50.6,21.978,0
2026-09-10 21:09:24.926560,Machine_C,2.58,9,40.9,17.203,0
2026-09-10 21:10:24.926560,Machine_A,2.18,11,36.3,11.886,0
2026-09-10 21:10:24.926560,Machine_B,4.45,9,47.2,29.692,0
2026-09-10 21:10:24.926560,Machine_C,2.27,9,40.6,15.147,0
2026-09-10 21:11:24.926560,Machine_A,2.04,10,38.7,12.237,0
2026-09-10 21:11:24.926560,Machine_B,3.53,10,50.4,21.168,0
2026-09-10 21:11:24.926560,Machine_C,2.4,7,38.9,20.606,0
2026-09-10 21:12:24.926560,Machine_A,2.11,10,37.1,12.65,0
2026-09-10 21:12:24.926560,Machine_B,3.5,9,47.3,23.326,0
2026-09-10 21:12:24.926560,Machine_C,2.49,8,41.1,18.706,0
2026-09-10 21:13:24.926560,Machine_A,2.04,11,38.2,11.127,0
2026-09-10 21:13:24.926560,Machine_B,4.04,8,46.5,30.293,0
2026-09-10 21:13:24.926560,Machine_C,2.53,9,41.6,16.889,0
2026-09-10 21:14:24.926560,Machine_A,2.0,11,38.6,10.887,0
2026-09-10 21:14:24.926560,Machine_B,3.48,8,44.5,26.106,0
2026-09-10 21:14:24.926560,Machine_C,2.26,7,40.6,19.391,0
2026-09-10 21:15:24.926560,Machine_A,2.07,10,40.4,12.402,0
2026-09-10 21:15:24.926560,Machine_B,4.08,8,47.0,30.566,0
2026-09-10 21:15:24.926560,Machine_C,2.47,8,41.0,18.508,0
2026-09-10 21:16:24.926560,Machine_A,2.12,10,39.1,12.721,0
2026-09-10 21:16:24.926560,Machine_B,3.7,10,46.8,22.176,0
2026-09-10 21:16:24.926560,Machine_C,2.54,7,41.1,21.804,0
2026-09-10 21:17:24.926560,Machine_A,2.04,9,37.8,13.568,0
2026-09-10 21:17:24.926560,Machine_B,3.88,9,46.7,25.878,0
2026-09-10 21:17:24.926560,Machine_C,2.71,9,39.2,18.074,0
2026-09-10 21:18:24.926560,Machine_A,1.85,10,38.8,11.119,0
2026-09-10 21:18:24.926560,Machine_B,3.61,8,49.7,27.079,0
2026-09-10 21:18:24.926560,Machine_C,2.28,8,38.8,17.117,0
2026-09-10 21:19:24.926560,Machine_A,1.96,10,37.3,11.744,0
2026-09-10 21:19:24.926560,Machine_B,3.98,10,49.1,23.907,0
2026-09-10 21:19:24.926560,Machine_C,2.21,7,40.7,18.922,0
2026-09-10 21:20:24.926560,Machine_A,2.03,10,39.3,12.161,0
2026-09-10 21:20:24.926560,Machine_B,3.84,8,47.9,28.813,0
2026-09-10 21:20:24.926560,Machine_C,2.44,7,39.6,20.925,0
2026-09-10 21:21:24.926560,Machine_A,2.09,11,37.8,11.376,0
2026-09-10 21:21:24.926560,Machine_B,4.09,8,49.2,30.69,0
2026-09-10 21:21:24.926560,Machine_C,2.47,8,38.9,18.558,0
2026-09-10 21:22:24.926560,Machine_A,2.31,10,39.2,13.854,0
2026-09-10 21:22:24.926560,Machine_B,5.73,8,61.8,42.956,1
2026-09-10 21:22:24.926560,Machine_C,2.3,9,39.3,15.335,0
2026-09-10 21:23:24.926560,Machine_A,2.26,9,37.1,15.049,0
2026-09-10 21:23:24.926560,Machine_B,3.43,9,46.1,22.892,0
2026-09-10 21:23:24.926560,Machine_C,2.13,7,41.2,18.247,0
2026-09-10 21:24:24.926560,Machine_A,2.09,9,38.7,13.906,0
2026-09-10 21:24:24.926560,Machine_B,3.95,10,48.6,23.69,0
2026-09-10 21:24:24.926560,Machine_C,2.71,8,38.6,20.361,0
2026-09-10 21:25:24.926560,Machine_A,2.06,11,36.8,11.237,0
2026-09-10 21:25:24.926560,Machine_B,4.42,10,45.1,26.504,0
2026-09-10 21:25:24.926560,Machine_C,2.31,9,41.4,15.407,0
2026-09-10 21:26:24.926560,Machine_A,2.14,11,39.9,11.694,0
2026-09-10 21:26:24.926560,Machine_B,3.4,9,47.4,22.652,0
2026-09-10 21:26:24.926560,Machine_C,2.11,9,40.0,14.058,0
2026-09-10 21:27:24.926560,Machine_A,2.1,11,37.4,11.447,0
2026-09-10 21:27:24.926560,Machine_B,3.54,10,50.2,21.242,0
2026-09-10 21:27:24.926560,Machine_C,2.12,7,40.3,18.214,0
2026-09-10 21:28:24.926560,Machine_A,2.1,10,37.8,12.577,0
2026-09-10 21:28:24.926560,Machine_B,3.69,8,49.0,27.677,0
2026-09-10 21:28:24.926560,Machine_C,2.24,8,42.6,16.801,0
2026-09-10 21:29:24.926560,Machine_A,2.08,9,37.0,13.898,0
2026-09-10 21:29:24.926560,Machine_B,3.55,9,51.3,23.679,0
2026-09-10 21:29:24.926560,Machine_C,2.33,8,39.9,17.49,0
2026-09-10 21:30:24.926560,Machine_A,2.15,11,37.7,11.723,0
2026-09-10 21:30:24.926560,Machine_B,3.41,9,46.6,22.722,0
2026-09-10 21:30:24.926560,Machine_C,2.32,8,40.5,17.381,0
2026-09-10 21:31:24.926560,Machine_A,2.17,11,40.7,11.855,0
2026-09-10 21:31:24.926560,Machine_B,3.74,8,46.0,28.014,0
2026-09-10 21:31:24.926560,Machine_C,2.38,7,40.1,20.414,0
2026-09-10 21:32:24.926560,Machine_A,2.15,10,37.3,12.91,0
2026-09-10 21:32:24.926560,Machine_B,3.61,10,46.6,21.675,0
2026-09-10 21:32:24.926560,Machine_C,2.25,9,39.2,15.026,0
2026-09-10 21:33:24.926560,Machine_A,2.06,11,39.1,11.235,0
2026-09-10 21:33:24.926560,Machine_B,3.57,10,47.1,21.421,0
2026-09-10 21:33:24.926560,Machine_C,2.21,9,38.8,14.761,0
2026-09-10 21:34:24.926560,Machine_A,2.07,9,39.5,13.818,0
2026-09-10 21:34:24.926560,Machine_B,3.71,9,47.1,24.715,0
2026-09-10 21:34:24.926560,Machine_C,2.22,9,41.0,14.818,0
2026-09-10 21:35:24.926560,Machine_A,2.24,9,37.3,14.939,0
2026-09-10 21:35:24.926560,Machine_B,3.55,10,47.0,21.271,0
2026-09-10 21:35:24.926560,Machine_C,2.41,7,39.7,20.62,0
2026-09-10 21:36:24.926560,Machine_A,2.02,11,37.6,11.01,0
2026-09-10 21:36:24.926560,Machine_B,3.46,9,45.9,23.062,0
2026-09-10 21:36:24.926560,Machine_C,2.33,7,40.4,19.978,0
2026-09-10 21:37:24.926560,Machine_A,2.07,11,39.1,11.299,0
2026-09-10 21:37:24.926560,Machine_B,3.91,10,48.1,23.471,0
2026-09-10 21:37:24.926560,Machine_C,2.19,7,40.1,18.729,0
2026-09-10 21:38:24.926560,Machine_A,1.9,10,38.5,11.394,0
2026-09-10 21:38:24.926560,Machine_B,3.32,9,47.3,22.12,0
2026-09-10 21:38:24.926560,Machine_C,2.25,7,40.4,19.252,0
2026-09-10 21:39:24.926560,Machine_A,2.22,10,36.1,13.311,0
2026-09-10 21:39:24.926560,Machine_B,3.28,8,46.2,24.575,0
2026-09-10 21:39:24.926560,Machine_C,2.36,9,40.1,15.721,0
2026-09-10 21:40:24.926560,Machine_A,1.97,10,40.7,11.839,0
2026-09-10 21:40:24.926560,Machine_B,5.37,8,60.2,40.27,1
2026-09-10 21:40:24.926560,Machine_C,2.6,9,38.4,17.305,0
2026-09-10 21:41:24.926560,Machine_A,1.99,9,38.0,13.256,0
2026-09-10 21:41:24.926560,Machine_B,5.95,10,61.3,35.693,1
2026-09-10 21:41:24.926560,Machine_C,2.32,9,39.4,15.465,0
2026-09-10 21:42:24.926560,Machine_A,2.06,10,39.2,12.379,0
2026-09-10 21:42:24.926560,Machine_B,5.27,8,61.1,39.533,1
2026-09-10 21:42:24.926560,Machine_C,2.49,9,40.5,16.579,0
2026-09-10 21:43:24.926560,Machine_A,2.11,10,38.2,12.635,0
2026-09-10 21:43:24.926560,Machine_B,3.95,8,49.1,29.589,0
2026-09-10 21:43:24.926560,Machine_C,2.33,7,39.7,19.933,0
2026-09-10 21:44:24.926560,Machine_A,2.05,11,37.3,11.166,0
2026-09-10 21:44:24.926560,Machine_B,4.02,10,49.3,24.14,0
2026-09-10 21:44:24.926560,Machine_C,2.17,9,41.6,14.446,0
2026-09-10 21:45:24.926560,Machine_A,2.03,10,37.7,12.179,0
2026-09-10 21:45:24.926560,Machine_B,3.8,10,50.3,22.771,0
2026-09-10 21:45:24.926560,Machine_C,2.48,7,38.0,21.287,0
2026-09-10 21:46:24.926560,Machine_A,2.09,10,39.7,12.535,0
2026-09-10 21:46:24.926560,Machine_B,3.72,8,45.5,27.876,0
2026-09-10 21:46:24.926560,Machine_C,2.37,9,41.5,15.807,0
2026-09-10 21:47:24.926560,Machine_A,2.21,10,35.6,13.235,0
2026-09-10 21:47:24.926560,Machine_B,5.38,10,65.0,32.268,1
2026-09-10 21:47:24.926560,Machine_C,2.48,7,39.9,21.24,0
2026-09-10 21:48:24.926560,Machine_A,2.26,10,37.9,13.562,0
2026-09-10 21:48:24.926560,Machine_B,5.69,8,61.5,42.684,1
2026-09-10 21:48:24.926560,Machine_C,2.35,8,39.5,17.589,0
2026-09-10 21:49:24.926560,Machine_A,2.25,10,39.4,13.475,0
2026-09-10 21:49:24.926560,Machine_B,3.59,8,47.8,26.904,0
2026-09-10 21:49:24.926560,Machine_C,2.62,9,39.4,17.47,0
2026-09-10 21:50:24.926560,Machine_A,1.92,11,37.6,10.446,0
2026-09-10 21:50:24.926560,Machine_B,3.92,10,45.1,23.523,0
2026-09-10 21:50:24.926560,Machine_C,2.47,7,39.0,21.204,0
2026-09-10 21:51:24.926560,Machine_A,2.09,9,35.4,13.96,0
2026-09-10 21:51:24.926560,Machine_B,3.56,10,48.4,21.342,0
2026-09-10 21:51:24.926560,Machine_C,2.12,7,41.0,18.176,0
2026-09-10 21:52:24.926560,Machine_A,2.18,9,38.0,14.512,0
2026-09-10 21:52:24.926560,Machine_B,3.68,8,50.0,27.575,0
2026-09-10 21:52:24.926560,Machine_C,2.04,7,40.2,17.513,0
2026-09-10 21:53:24.926560,Machine_A,2.17,10,39.1,13.04,0
2026-09-10 21:53:24.926560,Machine_B,4.25,10,48.8,25.526,0
2026-09-10 21:53:24.926560,Machine_C,2.74,8,39.5,20.535,0
2026-09-10 21:54:24.926560,Machine_A,2.03,9,37.5,13.529,0
2026-09-10 21:54:24.926560,Machine_B,2.99,8,47.8,22.414,0
2026-09-10 21:54:24.926560,Machine_C,2.41,9,39.9,16.034,0
2026-09-10 21:55:24.926560,Machine_A,2.11,9,37.7,14.07,0
2026-09-10 21:55:24.926560,Machine_B,3.51,8,51.6,26.299,0
2026-09-10 21:55:24.926560,Machine_C,2.24,8,39.2,16.793,0
2026-09-10 21:56:24.926560,Machine_A,2.03,11,38.5,11.046,0
2026-09-10 21:56:24.926560,Machine_B,3.91,10,48.4,23.477,0
2026-09-10 21:56:24.926560,Machine_C,2.47,7,39.9,21.171,0
2026-09-10 21:57:24.926560,Machine_A,2.18,11,37.1,11.909,0
2026-09-10 21:57:24.926560,Machine_B,5.79,10,56.3,34.757,1
2026-09-10 21:57:24.926560,Machine_C,2.21,9,39.8,14.746,0
2026-09-10 21:58:24.926560,Machine_A,2.05,9,38.4,13.667,0
2026-09-10 21:58:24.926560,Machine_B,5.39,8,63.5,40.422,1
2026-09-10 21:58:24.926560,Machine_C,2.42,7,40.3,20.774,0
2026-09-10 21:59:24.926560,Machine_A,2.1,10,36.7,12.618,0
2026-09-10 21:59:24.926560,Machine_B,3.83,8,48.1,28.701,0
2026-09-10 21:59:24.926560,Machine_C,2.4,9,40.1,16.016,0
2026-09-10 22:00:24.926560,Machine_A,2.31,10,39.6,13.878,0
2026-09-10 22:00:24.926560,Machine_B,6.27,9,64.7,41.809,1
2026-09-10 22:00:24.926560,Machine_C,2.27,8,39.4,17.019,0
2026-09-10 22:01:24.926560,Machine_A,2.21,11,37.8,12.073,0
2026-09-10 22:01:24.926560,Machine_B,3.46,8,46.4,25.958,0
2026-09-10 22:01:24.926560,Machine_C,2.28,7,38.7,19.545,0
2026-09-10 22:02:24.926560,Machine_A,1.88,9,35.9,12.52,0
2026-09-10 22:02:24.926560,Machine_B,5.52,9,62.5,36.793,1
2026-09-10 22:02:24.926560,Machine_C,2.56,9,41.4,17.073,0
2026-09-10 22:03:24.926560,Machine_A,2.08,11,36.8,11.335,0
2026-09-10 22:03:24.926560,Machine_B,3.86,10,50.9,23.178,0
2026-09-10 22:03:24.926560,Machine_C,2.53,7,41.2,21.669,0
2026-09-10 22:04:24.926560,Machine_A,1.93,11,39.5,10.525,0
2026-09-10 22:04:24.926560,Machine_B,3.39,10,44.9,20.313,0
2026-09-10 22:04:24.926560,Machine_C,2.31,9,39.8,15.43,0
2026-09-10 22:05:24.926560,Machine_A,2.27,11,36.7,12.372,0
2026-09-10 22:05:24.926560,Machine_B,3.39,10,46.2,20.359,0
2026-09-10 22:05:24.926560,Machine_C,2.52,9,40.3,16.812,0
2026-09-10 22:06:24.926560,Machine_A,2.05,9,37.7,13.698,0
2026-09-10 22:06:24.926560,Machine_B,3.5,8,46.7,26.227,0
2026-09-10 22:06:24.926560,Machine_C,2.25,9,39.1,14.999,0
2026-09-10 22:07:24.926560,Machine_A,2.22,9,36.1,14.792,0
2026-09-10 22:07:24.926560,Machine_B,3.77,10,47.6,22.635,0
2026-09-10 22:07:24.926560,Machine_C,2.35,8,40.3,17.596,0
2026-09-10 22:08:24.926560,Machine_A,2.11,11,40.4,11.498,0
2026-09-10 22:08:24.926560,Machine_B,3.55,9,47.1,23.694,0
2026-09-10 22:08:24.926560,Machine_C,2.44,9,40.4,16.24,0
2026-09-10 22:09:24.926560,Machine_A,1.98,11,35.4,10.777,0
2026-09-10 22:09:24.926560,Machine_B,4.3,10,46.7,25.771,0
2026-09-10 22:09:24.926560,Machine_C,2.39,8,41.0,17.962,0
2026-09-10 22:10:24.926560,Machine_A,1.99,9,39.2,13.269,0
2026-09-10 22:10:24.926560,Machine_B,3.68,10,45.9,22.099,0
2026-09-10 22:10:24.926560,Machine_C,2.58,8,40.0,19.352,0
2026-09-10 22:11:24.926560,Machine_A,2.04,10,39.7,12.255,0
2026-09-10 22:11:24.926560,Machine_B,4.09,10,45.7,24.558,0
2026-09-10 22:11:24.926560,Machine_C,2.42,7,41.0,20.704,0
2026-09-10 22:12:24.926560,Machine_A,2.19,11,37.1,11.94,0
2026-09-10 22:12:24.926560,Machine_B,3.8,10,49.3,22.813,0
2026-09-10 22:12:24.926560,Machine_C,2.36,7,41.2,20.209,0
2026-09-10 22:13:24.926560,Machine_A,2.31,9,40.8,15.404,0
2026-09-10 22:13:24.926560,Machine_B,3.18,10,44.5,19.067,0
2026-09-10 22:13:24.926560,Machine_C,2.66,9,38.9,17.739,0
2026-09-10 22:14:24.926560,Machine_A,2.1,10,38.9,12.6,0
2026-09-10 22:14:24.926560,Machine_B,3.55,10,43.8,21.293,0
2026-09-10 22:14:24.926560,Machine_C,2.4,9,40.6,15.98,0
2026-09-10 22:15:24.926560,Machine_A,2.05,11,37.9,11.2,0
2026-09-10 22:15:24.926560,Machine_B,4.4,9,51.7,29.317,0
2026-09-10 22:15:24.926560,Machine_C,2.39,9,40.0,15.907,0
2026-09-10 22:16:24.926560,Machine_A,1.95,11,38.0,10.639,0
2026-09-10 22:16:24.926560,Machine_B,3.8,10,45.4,22.798,0
2026-09-10 22:16:24.926560,Machine_C,2.23,7,40.1,19.09,0
2026-09-10 22:17:24.926560,Machine_A,2.05,11,38.7,11.19,0
2026-09-10 22:17:24.926560,Machine_B,4.28,10,46.2,25.686,0
2026-09-10 22:17:24.926560,Machine_C,2.39,8,39.9,17.909,0
2026-09-10 22:18:24.926560,Machine_A,2.06,9,38.0,13.705,0
2026-09-10 22:18:24.926560,Machine_B,6.95,10,61.0,41.675,1
2026-09-10 22:18:24.926560,Machine_C,2.09,8,39.4,15.652,0
2026-09-10 22:19:24.926560,Machine_A,1.99,10,36.9,11.928,0
2026-09-10 22:19:24.926560,Machine_B,3.91,10,48.5,23.484,0
2026-09-10 22:19:24.926560,Machine_C,2.49,8,38.8,18.66,0
2026-09-10 22:20:24.926560,Machine_A,2.02,10,40.8,12.105,0
2026-09-10 22:20:24.926560,Machine_B,4.15,8,50.1,31.101,0
2026-09-10 22:20:24.926560,Machine_C,2.46,7,41.1,21.097,0
2026-09-10 22:21:24.926560,Machine_A,2.04,11,36.2,11.126,0
2026-09-10 22:21:24.926560,Machine_B,3.97,8,46.5,29.74,0
2026-09-10 22:21:24.926560,Machine_C,2.29,7,39.8,19.634,0
2026-09-10 22:22:24.926560,Machine_A,2.27,11,40.3,12.377,0
2026-09-10 22:22:24.926560,Machine_B,3.52,8,46.5,26.372,0
2026-09-10 22:22:24.926560,Machine_C,2.22,9,40.0,14.808,0
2026-09-10 22:23:24.926560,Machine_A,2.18,11,37.9,11.871,0
2026-09-10 22:23:24.926560,Machine_B,3.43,9,48.9,22.844,0
2026-09-10 22:23:24.926560,Machine_C,2.33,9,41.1,15.558,0
2026-09-10 22:24:24.926560,Machine_A,2.03,9,36.3,13.52,0
2026-09-10 22:24:24.926560,Machine_B,4.27,9,46.9,28.473,0
2026-09-10 22:24:24.926560,Machine_C,2.54,8,40.1,19.065,0
2026-09-10 22:25:24.926560,Machine_A,2.03,9,38.2,13.531,0
2026-09-10 22:25:24.926560,Machine_B,3.72,8,46.0,27.9,0
2026-09-10 22:25:24.926560,Machine_C,2.39,8,41.2,17.962,0
2026-09-10 22:26:24.926560,Machine_A,2.16,9,37.8,14.395,0
2026-09-10 22:26:24.926560,Machine_B,3.57,9,47.4,23.799,0
2026-09-10 22:26:24.926560,Machine_C,2.26,8,39.6,16.986,0
2026-09-10 22:27:24.926560,Machine_A,2.08,11,36.2,11.329,0
2026-09-10 22:27:24.926560,Machine_B,3.65,10,41.3,21.908,0
2026-09-10 22:27:24.926560,Machine_C,2.35,7,39.2,20.157,0
2026-09-10 22:28:24.926560,Machine_A,2.33,10,38.3,13.998,0
2026-09-10 22:28:24.926560,Machine_B,2.69,9,48.2,17.94,0
2026-09-10 22:28:24.926560,Machine_C,2.28,9,40.9,15.218,0
2026-09-10 22:29:24.926560,Machine_A,2.07,9,39.7,13.809,0
2026-09-10 22:29:24.926560,Machine_B,3.44,8,48.2,25.768,0
2026-09-10 22:29:24.926560,Machine_C,2.18,7,40.9,18.66,0
2026-09-10 22:30:24.926560,Machine_A,2.02,11,39.6,11.029,0
2026-09-10 22:30:24.926560,Machine_B,3.99,9,45.4,26.609,0
2026-09-10 22:30:24.926560,Machine_C,2.55,7,38.7,21.87,0
2026-09-10 22:31:24.926560,Machine_A,2.22,9,38.2,14.812,0
2026-09-10 22:31:24.926560,Machine_B,5.78,10,57.8,34.683,1
2026-09-10 22:31:24.926560,Machine_C,2.23,8,39.0,16.749,0
2026-09-10 22:32:24.926560,Machine_A,2.04,9,39.8,13.588,0
2026-09-10 22:32:24.926560,Machine_B,5.3,8,60.1,39.729,1
2026-09-10 22:32:24.926560,Machine_C,2.44,7,40.0,20.89,0
2026-09-10 22:33:24.926560,Machine_A,2.1,9,36.9,14.028,0
2026-09-10 22:33:24.926560,Machine_B,3.48,10,47.9,20.881,0
2026-09-10 22:33:24.926560,Machine_C,2.27,8,40.2,17.031,0
2026-09-10 22:34:24.926560,Machine_A,2.23,10,38.0,13.41,0
2026-09-10 22:34:24.926560,Machine_B,3.58,10,51.4,21.508,0
2026-09-10 22:34:24.926560,Machine_C,2.55,9,41.4,17.009,0
2026-09-10 22:35:24.926560,Machine_A,2.14,9,36.7,14.261,0
2026-09-10 22:35:24.926560,Machine_B,5.67,10,61.5,34.011,1
2026-09-10 22:35:24.926560,Machine_C,2.46,8,38.6,18.462,0
2026-09-10 22:36:24.926560,Machine_A,1.89,10,39.0,11.351,0
2026-09-10 22:36:24.926560,Machine_B,3.77,9,46.6,25.115,0
2026-09-10 22:36:24.926560,Machine_C,2.4,9,40.4,15.995,0
2026-09-10 22:37:24.926560,Machine_A,2.11,10,41.8,12.644,0
2026-09-10 22:37:24.926560,Machine_B,3.81,8,49.4,28.596,0
2026-09-10 22:37:24.926560,Machine_C,2.48,8,37.8,18.571,0
2026-09-10 22:38:24.926560,Machine_A,2.23,9,40.2,14.898,0
2026-09-10 22:38:24.926560,Machine_B,3.73,10,45.7,22.387,0
2026-09-10 22:38:24.926560,Machine_C,2.35,8,40.4,17.652,0
2026-09-10 22:39:24.926560,Machine_A,2.32,9,33.9,15.496,0
2026-09-10 22:39:24.926560,Machine_B,5.76,8,62.8,43.18,1
2026-09-10 22:39:24.926560,Machine_C,2.45,9,38.9,16.31,0
2026-09-10 22:40:24.926560,Machine_A,2.21,10,38.4,13.266,0
2026-09-10 22:40:24.926560,Machine_B,3.78,10,48.5,22.699,0
2026-09-10 22:40:24.926560,Machine_C,2.56,8,41.6,19.177,0
2026-09-10 22:41:24.926560,Machine_A,2.0,11,40.2,10.894,0
2026-09-10 22:41:24.926560,Machine_B,4.09,8,46.8,30.7,0
2026-09-10 22:41:24.926560,Machine_C,2.47,8,38.5,18.518,0
2026-09-10 22:42:24.926560,Machine_A,1.91,10,39.2,11.455,0
2026-09-10 22:42:24.926560,Machine_B,4.09,9,48.8,27.269,0
2026-09-10 22:42:24.926560,Machine_C,2.31,9,40.6,15.385,0
2026-09-10 22:43:24.926560,Machine_A,2.07,9,38.0,13.82,0
2026-09-10 22:43:24.926560,Machine_B,4.0,8,49.2,29.988,0
2026-09-10 22:43:24.926560,Machine_C,2.29,7,40.1,19.657,0
2026-09-10 22:44:24.926560,Machine_A,2.2,10,40.4,13.18,0
2026-09-10 22:44:24.926560,Machine_B,3.76,8,46.4,28.203,0
2026-09-10 22:44:24.926560,Machine_C,2.6,7,41.1,22.326,0
2026-09-10 22:45:24.926560,Machine_A,2.17,10,39.9,13.039,0
2026-09-10 22:45:24.926560,Machine_B,3.72,10,48.1,22.332,0
2026-09-10 22:45:24.926560,Machine_C,2.17,9,40.5,14.488,0
2026-09-10 22:46:24.926560,Machine_A,2.16,11,40.8,11.788,0
2026-09-10 22:46:24.926560,Machine_B,3.42,8,48.1,25.655,0
2026-09-10 22:46:24.926560,Machine_C,2.31,8,40.1,17.332,0
2026-09-10 22:47:24.926560,Machine_A,2.28,9,38.3,15.18,0
2026-09-10 22:47:24.926560,Machine_B,3.86,8,50.3,28.933,0
2026-09-10 22:47:24.926560,Machine_C,2.71,7,39.5,23.192,0
2026-09-10 22:48:24.926560,Machine_A,2.08,11,37.8,11.335,0
2026-09-10 22:48:24.926560,Machine_B,4.22,10,51.3,25.328,0
2026-09-10 22:48:24.926560,Machine_C,2.49,9,39.6,16.633,0
2026-09-10 22:49:24.926560,Machine_A,2.01,11,38.1,10.941,0
2026-09-10 22:49:24.926560,Machine_B,4.13,9,44.0,27.526,0
2026-09-10 22:49:24.926560,Machine_C,2.26,9,39.2,15.043,0
2026-09-10 22:50:24.926560,Machine_A,2.08,9,39.9,13.886,0
2026-09-10 22:50:24.926560,Machine_B,4.2,9,44.3,28.005,0
2026-09-10 22:50:24.926560,Machine_C,2.33,7,39.6,19.974,0
2026-09-10 22:51:24.926560,Machine_A,2.05,10,37.9,12.313,0
2026-09-10 22:51:24.926560,Machine_B,2.98,9,49.4,19.899,0
2026-09-10 22:51:24.926560,Machine_C,2.43,8,41.3,18.218,0
2026-09-10 22:52:24.926560,Machine_A,2.01,10,35.9,12.037,0
2026-09-10 22:52:24.926560,Machine_B,3.5,10,50.1,20.974,0
2026-09-10 22:52:24.926560,Machine_C,2.46,9,40.5,16.411,0
2026-09-10 22:53:24.926560,Machine_A,2.04,11,39.2,11.153,0
2026-09-10 22:53:24.926560,Machine_B,4.09,8,47.3,30.679,0
2026-09-10 22:53:24.926560,Machine_C,2.49,9,37.3,16.59,0
2026-09-10 22:54:24.926560,Machine_A,2.12,11,40.7,11.559,0
2026-09-10 22:54:24.926560,Machine_B,3.54,10,49.3,21.222,0
2026-09-10 22:54:24.926560,Machine_C,2.5,9,40.8,16.658,0
2026-09-10 22:55:24.926560,Machine_A,2.01,9,37.4,13.43,0
2026-09-10 22:55:24.926560,Machine_B,3.9,10,48.8,23.424,0
2026-09-10 22:55:24.926560,Machine_C,2.29,8,39.9,17.165,0
2026-09-10 22:56:24.926560,Machine_A,2.2,9,38.4,14.65,0
2026-09-10 22:56:24.926560,Machine_B,3.68,10,49.4,22.099,0
2026-09-10 22:56:24.926560,Machine_C,2.63,8,40.1,19.75,0
2026-09-10 22:57:24.926560,Machine_A,2.04,10,39.6,12.217,0
2026-09-10 22:57:24.926560,Machine_B,3.64,8,45.8,27.319,0
2026-09-10 22:57:24.926560,Machine_C,2.36,9,37.2,15.71,0
2026-09-10 22:58:24.926560,Machine_A,2.19,11,38.9,11.961,0
2026-09-10 22:58:24.926560,Machine_B,3.21,9,47.1,21.371,0
2026-09-10 22:58:24.926560,Machine_C,2.51,9,42.1,16.723,0
2026-09-10 22:59:24.926560,Machine_A,2.09,9,39.5,13.945,0
2026-09-10 22:59:24.926560,Machine_B,3.89,10,49.1,23.369,0
2026-09-10 22:59:24.926560,Machine_C,2.69,8,40.4,20.16,0
2026-09-10 23:00:24.926560,Machine_A,2.19,9,36.9,14.584,0
2026-09-10 23:00:24.926560,Machine_B,3.76,8,50.9,28.227,0
2026-09-10 23:00:24.926560,Machine_C,2.41,8,40.7,18.062,0
2026-09-10 23:01:24.926560,Machine_A,2.1,10,38.8,12.608,0
2026-09-10 23:01:24.926560,Machine_B,5.6,8,59.7,42.023,1
2026-09-10 23:01:24.926560,Machine_C,2.47,7,38.9,21.193,0
2026-09-10 23:02:24.926560,Machine_A,1.96,9,39.5,13.073,0
2026-09-10 23:02:24.926560,Machine_B,3.85,8,49.3,28.861,0
2026-09-10 23:02:24.926560,Machine_C,2.26,8,40.1,16.924,0
2026-09-10 23:03:24.926560,Machine_A,2.04,11,39.9,11.112,0
2026-09-10 23:03:24.926560,Machine_B,3.9,10,48.6,23.373,0
2026-09-10 23:03:24.926560,Machine_C,2.34,8,39.4,17.553,0
2026-09-10 23:04:24.926560,Machine_A,2.08,11,37.5,11.352,0
2026-09-10 23:04:24.926560,Machine_B,6.4,8,62.3,48.034,1
2026-09-10 23:04:24.926560,Machine_C,2.45,8,39.3,18.378,0
2026-09-10 23:05:24.926560,Machine_A,2.12,9,38.0,14.153,0
2026-09-10 23:05:24.926560,Machine_B,3.93,10,48.8,23.586,0
2026-09-10 23:05:24.926560,Machine_C,2.22,8,40.1,16.659,0
2026-09-10 23:06:24.926560,Machine_A,2.16,11,38.2,11.8,0
2026-09-10 23:06:24.926560,Machine_B,3.04,9,48.6,20.243,0
2026-09-10 23:06:24.926560,Machine_C,2.55,8,40.7,19.147,0
2026-09-10 23:07:24.926560,Machine_A,2.09,11,37.0,11.374,0
2026-09-10 23:07:24.926560,Machine_B,3.93,10,44.0,23.58,0
2026-09-10 23:07:24.926560,Machine_C,2.48,8,41.2,18.634,0
2026-09-10 23:08:24.926560,Machine_A,2.19,10,41.6,13.124,0
2026-09-10 23:08:24.926560,Machine_B,3.83,10,41.9,22.964,0
2026-09-10 23:08:24.926560,Machine_C,2.62,8,39.3,19.616,0
2026-09-10 23:09:24.926560,Machine_A,2.12,11,37.5,11.583,0
2026-09-10 23:09:24.926560,Machine_B,4.31,10,47.3,25.836,0
2026-09-10 23:09:24.926560,Machine_C,2.18,9,41.2,14.504,0
2026-09-10 23:10:24.926560,Machine_A,1.99,9,39.9,13.275,0
2026-09-10 23:10:24.926560,Machine_B,3.81,8,50.5,28.61,0
2026-09-10 23:10:24.926560,Machine_C,2.2,7,39.8,18.85,0
2026-09-10 23:11:24.926560,Machine_A,2.04,11,36.5,11.113,0
2026-09-10 23:11:24.926560,Machine_B,3.55,10,45.9,21.316,0
2026-09-10 23:11:24.926560,Machine_C,2.29,9,41.3,15.293,0
2026-09-10 23:12:24.926560,Machine_A,2.05,11,38.5,11.205,0
2026-09-10 23:12:24.926560,Machine_B,3.69,9,51.0,24.622,0
2026-09-10 23:12:24.926560,Machine_C,2.24,8,39.0,16.819,0
2026-09-10 23:13:24.926560,Machine_A,2.0,9,36.3,13.328,0
2026-09-10 23:13:24.926560,Machine_B,3.57,9,49.5,23.787,0
2026-09-10 23:13:24.926560,Machine_C,2.21,7,39.0,18.962,0
2026-09-10 23:14:24.926560,Machine_A,2.16,10,37.8,12.981,0
2026-09-10 23:14:24.926560,Machine_B,4.01,9,50.9,26.738,0
2026-09-10 23:14:24.926560,Machine_C,2.77,9,38.9,18.469,0
2026-09-10 23:15:24.926560,Machine_A,2.21,10,40.2,13.277,0
2026-09-10 23:15:24.926560,Machine_B,3.72,10,47.1,22.311,0
2026-09-10 23:15:24.926560,Machine_C,2.32,8,39.8,17.423,0
2026-09-10 23:16:24.926560,Machine_A,2.06,10,37.1,12.353,0
2026-09-10 23:16:24.926560,Machine_B,3.66,8,46.0,27.485,0
2026-09-10 23:16:24.926560,Machine_C,2.26,7,41.4,19.414,0
2026-09-10 23:17:24.926560,Machine_A,2.25,11,37.9,12.27,0
2026-09-10 23:17:24.926560,Machine_B,3.41,10,46.5,20.488,0
2026-09-10 23:17:24.926560,Machine_C,2.22,9,41.9,14.808,0
2026-09-10 23:18:24.926560,Machine_A,2.07,10,38.5,12.398,0
2026-09-10 23:18:24.926560,Machine_B,3.98,8,49.9,29.841,0
2026-09-10 23:18:24.926560,Machine_C,2.28,7,41.5,19.561,0
2026-09-10 23:19:24.926560,Machine_A,2.02,10,38.8,12.117,0
2026-09-10 23:19:24.926560,Machine_B,3.68,8,44.2,27.615,0
2026-09-10 23:19:24.926560,Machine_C,2.05,9,39.4,13.678,0
2026-09-10 23:20:24.926560,Machine_A,2.19,9,38.4,14.628,0
2026-09-10 23:20:24.926560,Machine_B,4.08,10,48.8,24.477,0
2026-09-10 23:20:24.926560,Machine_C,2.36,7,40.3,20.251,0
2026-09-10 23:21:24.926560,Machine_A,2.15,10,38.7,12.919,0
2026-09-10 23:21:24.926560,Machine_B,3.93,10,49.7,23.59,0
2026-09-10 23:21:24.926560,Machine_C,2.67,9,40.4,17.796,0
2026-09-10 23:22:24.926560,Machine_A,2.15,9,38.8,14.363,0
2026-09-10 23:22:24.926560,Machine_B,3.91,10,50.7,23.486,0
2026-09-10 23:22:24.926560,Machine_C,2.38,9,39.8,15.89,0
2026-09-10 23:23:24.926560,Machine_A,2.16,9,38.3,14.408,0
2026-09-10 23:23:24.926560,Machine_B,4.0,8,44.6,30.011,0
2026-09-10 23:23:24.926560,Machine_C,2.48,8,41.0,18.618,0
2026-09-10 23:24:24.926560,Machine_A,2.16,9,38.1,14.422,0
2026-09-10 23:24:24.926560,Machine_B,3.65,9,48.5,24.337,0
2026-09-10 23:24:24.926560,Machine_C,2.44,9,41.6,16.235,0
2026-09-10 23:25:24.926560,Machine_A,2.15,9,35.4,14.342,0
2026-09-10 23:25:24.926560,Machine_B,3.71,8,46.9,27.859,0
2026-09-10 23:25:24.926560,Machine_C,2.44,7,39.5,20.898,0
2026-09-10 23:26:24.926560,Machine_A,2.08,9,37.5,13.896,0
2026-09-10 23:26:24.926560,Machine_B,4.17,9,49.3,27.826,0
2026-09-10 23:26:24.926560,Machine_C,2.52,9,40.0,16.807,0
2026-09-10 23:27:24.926560,Machine_A,1.95,9,40.1,12.987,0
2026-09-10 23:27:24.926560,Machine_B,5.81,9,61.7,38.708,1
2026-09-10 23:27:24.926560,Machine_C,2.6,8,38.8,19.524,0
2026-09-10 23:28:24.926560,Machine_A,1.99,9,36.4,13.296,0
2026-09-10 23:28:24.926560,Machine_B,3.54,9,49.0,23.601,0
2026-09-10 23:28:24.926560,Machine_C,2.31,7,38.7,19.778,0
2026-09-10 23:29:24.926560,Machine_A,2.0,9,39.8,13.355,0
2026-09-10 23:29:24.926560,Machine_B,4.43,9,46.3,29.556,0
2026-09-10 23:29:24.926560,Machine_C,2.31,8,39.8,17.318,0
2026-09-10 23:30:24.926560,Machine_A,2.19,9,37.5,14.632,0
2026-09-10 23:30:24.926560,Machine_B,3.61,9,52.0,24.067,0
2026-09-10 23:30:24.926560,Machine_C,2.4,9,40.9,16.027,0
2026-09-10 23:31:24.926560,Machine_A,2.21,10,36.6,13.287,0
2026-09-10 23:31:24.926560,Machine_B,3.65,10,46.2,21.879,0
2026-09-10 23:31:24.926560,Machine_C,2.32,9,39.7,15.441,0
2026-09-10 23:32:24.926560,Machine_A,2.01,9,38.7,13.377,0
2026-09-10 23:32:24.926560,Machine_B,3.81,10,43.4,22.841,0
2026-09-10 23:32:24.926560,Machine_C,2.47,7,38.9,21.204,0
2026-09-10 23:33:24.926560,Machine_A,1.96,11,38.6,10.711,0
2026-09-10 23:33:24.926560,Machine_B,4.32,9,48.2,28.785,0
2026-09-10 23:33:24.926560,Machine_C,2.3,9,37.8,15.333,0
2026-09-10 23:34:24.926560,Machine_A,2.03,11,38.2,11.096,0
2026-09-10 23:34:24.926560,Machine_B,3.56,10,48.1,21.357,0
2026-09-10 23:34:24.926560,Machine_C,2.29,7,39.2,19.667,0
2026-09-10 23:35:24.926560,Machine_A,2.12,10,40.7,12.743,0
2026-09-10 23:35:24.926560,Machine_B,3.78,10,44.6,22.685,0
2026-09-10 23:35:24.926560,Machine_C,2.32,7,40.2,19.871,0
2026-09-10 23:36:24.926560,Machine_A,2.2,9,37.4,14.677,0
2026-09-10 23:36:24.926560,Machine_B,4.41,10,46.2,26.448,0
2026-09-10 23:36:24.926560,Machine_C,2.3,8,39.1,17.236,0
2026-09-10 23:37:24.926560,Machine_A,2.03,11,37.5,11.053,0
2026-09-10 23:37:24.926560,Machine_B,3.41,10,43.6,20.465,0
2026-09-10 23:37:24.926560,Machine_C,2.61,7,41.3,22.359,0
2026-09-10 23:38:24.926560,Machine_A,1.97,10,39.3,11.795,0
2026-09-10 23:38:24.926560,Machine_B,4.02,10,51.4,24.132,0
2026-09-10 23:38:24.926560,Machine_C,2.17,8,40.5,16.292,0
2026-09-10 23:39:24.926560,Machine_A,1.95,9,36.3,12.983,0
2026-09-10 23:39:24.926560,Machine_B,4.15,8,47.6,31.161,0
2026-09-10 23:39:24.926560,Machine_C,2.27,8,39.8,17.024,0
2026-09-10 23:40:24.926560,Machine_A,2.16,10,36.5,12.988,0
2026-09-10 23:40:24.926560,Machine_B,4.18,8,46.1,31.313,0
2026-09-10 23:40:24.926560,Machine_C,2.14,9,39.0,14.291,0
2026-09-10 23:41:24.926560,Machine_A,2.05,10,38.7,12.292,0
2026-09-10 23:41:24.926560,Machine_B,4.26,8,47.5,31.974,0
2026-09-10 23:41:24.926560,Machine_C,2.46,7,39.4,21.058,0
2026-09-10 23:42:24.926560,Machine_A,2.02,10,38.7,12.125,0
2026-09-10 23:42:24.926560,Machine_B,3.15,10,47.9,18.925,0
2026-09-10 23:42:24.926560,Machine_C,2.58,8,40.7,19.338,0
2026-09-10 23:43:24.926560,Machine_A,2.1,9,38.0,14.023,0
2026-09-10 23:43:24.926560,Machine_B,3.91,10,47.5,23.468,0
2026-09-10 23:43:24.926560,Machine_C,2.47,8,40.8,18.52,0
2026-09-10 23:44:24.926560,Machine_A,2.11,11,38.3,11.518,0
2026-09-10 23:44:24.926560,Machine_B,3.31,10,46.9,19.839,0
2026-09-10 23:44:24.926560,Machine_C,2.3,9,41.4,15.326,0
2026-09-10 23:45:24.926560,Machine_A,2.07,9,40.0,13.786,0
2026-09-10 23:45:24.926560,Machine_B,3.76,10,47.0,22.568,0
2026-09-10 23:45:24.926560,Machine_C,2.23,7,41.0,19.123,0
2026-09-10 23:46:24.926560,Machine_A,2.01,11,37.0,10.965,0
2026-09-10 23:46:24.926560,Machine_B,3.86,9,49.5,25.703,0
2026-09-10 23:46:24.926560,Machine_C,2.49,8,39.0,18.646,0
2026-09-10 23:47:24.926560,Machine_A,2.07,9,36.6,13.786,0
2026-09-10 23:47:24.926560,Machine_B,4.16,8,47.4,31.176,0
2026-09-10 23:47:24.926560,Machine_C,2.3,8,39.1,17.276,0
2026-09-10 23:48:24.926560,Machine_A,2.29,10,37.7,13.741,0
2026-09-10 23:48:24.926560,Machine_B,4.04,10,47.5,24.218,0
2026-09-10 23:48:24.926560,Machine_C,2.44,8,41.3,18.278,0
2026-09-10 23:49:24.926560,Machine_A,2.07,10,39.4,12.394,0
2026-09-10 23:49:24.926560,Machine_B,4.28,9,44.4,28.54,0
2026-09-10 23:49:24.926560,Machine_C,2.68,7,39.6,22.953,0
2026-09-10 23:50:24.926560,Machine_A,2.01,10,40.8,12.033,0
2026-09-10 23:50:24.926560,Machine_B,3.18,10,48.2,19.077,0
2026-09-10 23:50:24.926560,Machine_C,2.05,9,39.0,13.634,0
2026-09-10 23:51:24.926560,Machine_A,2.21,9,37.4,14.736,0
2026-09-10 23:51:24.926560,Machine_B,3.89,10,46.5,23.361,0
2026-09-10 23:51:24.926560,Machine_C,2.63,9,37.9,17.52,0
2026-09-10 23:52:24.926560,Machine_A,2.24,9,38.2,14.915,0
2026-09-10 23:52:24.926560,Machine_B,3.81,10,45.1,22.854,0
2026-09-10 23:52:24.926560,Machine_C,2.48,7,40.0,21.255,0
2026-09-10 23:53:24.926560,Machine_A,2.1,10,39.7,12.6,0
2026-09-10 23:53:24.926560,Machine_B,3.9,9,47.4,26.002,0
2026-09-10 23:53:24.926560,Machine_C,2.39,8,38.8,17.921,0
2026-09-10 23:54:24.926560,Machine_A,2.03,9,36.7,13.532,0
2026-09-10 23:54:24.926560,Machine_B,4.08,8,49.5,30.611,0
2026-09-10 23:54:24.926560,Machine_C,2.29,7,40.8,19.643,0
2026-09-10 23:55:24.926560,Machine_A,2.04,11,37.2,11.149,0
2026-09-10 23:55:24.926560,Machine_B,3.74,9,51.3,24.929,0
2026-09-10 23:55:24.926560,Machine_C,2.65,9,39.5,17.645,0
2026-09-10 23:56:24.926560,Machine_A,1.99,10,39.3,11.921,0
2026-09-10 23:56:24.926560,Machine_B,6.63,10,57.4,39.788,1
2026-09-10 23:56:24.926560,Machine_C,2.4,9,39.0,15.98,0
2026-09-10 23:57:24.926560,Machine_A,2.03,10,36.7,12.164,0
2026-09-10 23:57:24.926560,Machine_B,3.96,10,48.3,23.777,0
2026-09-10 23:57:24.926560,Machine_C,2.36,9,40.3,15.753,0
2026-09-10 23:58:24.926560,Machine_A,2.08,9,35.4,13.885,0
2026-09-10 23:58:24.926560,Machine_B,3.49,10,47.0,20.97,0
2026-09-10 23:58:24.926560,Machine_C,2.59,8,43.0,19.443,0
2026-09-10 23:59:24.926560,Machine_A,1.95,9,40.0,12.969,0
2026-09-10 23:59:24.926560,Machine_B,3.91,9,48.3,26.079,0
2026-09-10 23:59:24.926560,Machine_C,2.34,7,40.0,20.052,0
2026-09-11 00:00:24.926560,Machine_A,2.15,9,40.2,14.314,0
2026-09-11 00:00:24.926560,Machine_B,4.35,8,47.8,32.658,0
2026-09-11 00:00:24.926560,Machine_C,2.27,7,39.6,19.492,0
2026-09-11 00:01:24.926560,Machine_A,2.04,10,38.9,12.221,0
2026-09-11 00:01:24.926560,Machine_B,3.99,9,51.8,26.617,0
2026-09-11 00:01:24.926560,Machine_C,2.49,8,38.5,18.652,0
2026-09-11 00:02:24.926560,Machine_A,2.0,10,38.1,11.999,0
2026-09-11 00:02:24.926560,Machine_B,4.0,10,47.3,24.021,0
2026-09-11 00:02:24.926560,Machine_C,2.08,9,39.4,13.842,0
2026-09-11 00:03:24.926560,Machine_A,2.23,10,39.1,13.389,0
2026-09-11 00:03:24.926560,Machine_B,3.86,8,48.0,28.948,0
2026-09-11 00:03:24.926560,Machine_C,2.79,7,38.3,23.913,0
2026-09-11 00:04:24.926560,Machine_A,2.0,11,40.6,10.922,0
2026-09-11 00:04:24.926560,Machine_B,4.02,9,51.1,26.791,0
2026-09-11 00:04:24.926560,Machine_C,2.52,9,39.1,16.821,0
2026-09-11 00:05:24.926560,Machine_A,2.06,10,40.0,12.341,0
2026-09-11 00:05:24.926560,Machine_B,3.61,8,48.7,27.067,0
2026-09-11 00:05:24.926560,Machine_C,2.43,7,39.3,20.848,0
2026-09-11 00:06:24.926560,Machine_A,2.32,10,38.1,13.931,0
2026-09-11 00:06:24.926560,Machine_B,4.31,9,48.4,28.761,0
2026-09-11 00:06:24.926560,Machine_C,2.28,9,40.0,15.176,0
2026-09-11 00:07:24.926560,Machine_A,2.01,9,37.3,13.383,0
2026-09-11 00:07:24.926560,Machine_B,4.07,9,43.9,27.141,0
2026-09-11 00:07:24.926560,Machine_C,2.2,7,39.7,18.848,0
2026-09-11 00:08:24.926560,Machine_A,2.2,10,36.9,13.181,0
2026-09-11 00:08:24.926560,Machine_B,3.28,9,48.2,21.888,0
2026-09-11 00:08:24.926560,Machine_C,2.61,8,39.2,19.598,0
2026-09-11 00:09:24.926560,Machine_A,2.23,10,38.4,13.351,0
2026-09-11 00:09:24.926560,Machine_B,3.97,10,47.6,23.839,0
2026-09-11 00:09:24.926560,Machine_C,2.42,9,40.2,16.118,0
2026-09-11 00:10:24.926560,Machine_A,1.95,10,38.4,11.727,0
2026-09-11 00:10:24.926560,Machine_B,4.03,8,49.3,30.259,0
2026-09-11 00:10:24.926560,Machine_C,2.54,7,40.5,21.774,0
2026-09-11 00:11:24.926560,Machine_A,2.05,10,40.3,12.275,0
2026-09-11 00:11:24.926560,Machine_B,3.86,8,45.7,28.93,0
2026-09-11 00:11:24.926560,Machine_C,2.57,9,41.9,17.136,0
2026-09-11 00:12:24.926560,Machine_A,2.0,10,41.3,12.0,0
2026-09-11 00:12:24.926560,Machine_B,4.02,8,47.5,30.177,0
2026-09-11 00:12:24.926560,Machine_C,2.64,8,41.5,19.792,0
2026-09-11 00:13:24.926560,Machine_A,2.14,10,35.8,12.862,0
2026-09-11 00:13:24.926560,Machine_B,3.73,10,47.4,22.405,0
2026-09-11 00:13:24.926560,Machine_C,2.59,7,39.5,22.231,0
2026-09-11 00:14:24.926560,Machine_A,2.18,9,38.6,14.523,0
2026-09-11 00:14:24.926560,Machine_B,3.49,8,49.2,26.177,0
2026-09-11 00:14:24.926560,Machine_C,2.28,8,38.8,17.087,0
2026-09-11 00:15:24.926560,Machine_A,2.09,9,39.3,13.959,0
2026-09-11 00:15:24.926560,Machine_B,4.42,10,48.3,26.498,0
2026-09-11 00:15:24.926560,Machine_C,2.36,9,41.4,15.732,0
2026-09-11 00:16:24.926560,Machine_A,2.19,9,39.2,14.573,0
2026-09-11 00:16:24.926560,Machine_B,4.0,9,49.4,26.674,0
2026-09-11 00:16:24.926560,Machine_C,2.82,7,39.6,24.203,0
2026-09-11 00:17:24.926560,Machine_A,1.98,10,38.6,11.881,0
2026-09-11 00:17:24.926560,Machine_B,3.77,9,46.6,25.156,0
2026-09-11 00:17:24.926560,Machine_C,2.19,9,41.3,14.584,0
2026-09-11 00:18:24.926560,Machine_A,2.16,11,37.6,11.773,0
2026-09-11 00:18:24.926560,Machine_B,3.4,10,49.0,20.401,0
2026-09-11 00:18:24.926560,Machine_C,2.11,8,39.5,15.823,0
2026-09-11 00:19:24.926560,Machine_A,2.19,9,37.9,14.607,0
2026-09-11 00:19:24.926560,Machine_B,3.76,10,49.2,22.562,0
2026-09-11 00:19:24.926560,Machine_C,2.25,8,39.5,16.875,0
2026-09-11 00:20:24.926560,Machine_A,2.14,11,37.7,11.678,0
2026-09-11 00:20:24.926560,Machine_B,4.03,10,49.6,24.191,0
2026-09-11 00:20:24.926560,Machine_C,2.36,8,42.5,17.705,0
2026-09-11 00:21:24.926560,Machine_A,2.07,10,38.0,12.397,0
2026-09-11 00:21:24.926560,Machine_B,3.21,9,51.4,21.382,0
2026-09-11 00:21:24.926560,Machine_C,2.3,7,40.5,19.685,0
2026-09-11 00:22:24.926560,Machine_A,2.16,11,35.5,11.775,0
2026-09-11 00:22:24.926560,Machine_B,3.89,10,49.5,23.339,0
2026-09-11 00:22:24.926560,Machine_C,2.48,8,38.3,18.591,0
2026-09-11 00:23:24.926560,Machine_A,2.13,11,35.8,11.626,0
2026-09-11 00:23:24.926560,Machine_B,5.54,10,63.7,33.254,1
2026-09-11 00:23:24.926560,Machine_C,2.45,9,40.7,16.348,0
2026-09-11 00:24:24.926560,Machine_A,2.17,10,34.3,13.014,0
2026-09-11 00:24:24.926560,Machine_B,3.48,9,46.9,23.208,0
2026-09-11 00:24:24.926560,Machine_C,2.23,9,39.1,14.874,0
2026-09-11 00:25:24.926560,Machine_A,1.96,11,38.7,10.667,0
2026-09-11 00:25:24.926560,Machine_B,3.32,8,47.4,24.932,0
2026-09-11 00:25:24.926560,Machine_C,2.36,9,39.4,15.748,0
2026-09-11 00:26:24.926560,Machine_A,2.01,11,37.0,10.985,0
2026-09-11 00:26:24.926560,Machine_B,3.33,9,49.0,22.195,0
2026-09-11 00:26:24.926560,Machine_C,2.7,9,40.7,17.973,0
2026-09-11 00:27:24.926560,Machine_A,2.05,10,40.2,12.326,0
2026-09-11 00:27:24.926560,Machine_B,3.61,10,51.3,21.665,0
2026-09-11 00:27:24.926560,Machine_C,2.2,7,41.1,18.854,0
2026-09-11 00:28:24.926560,Machine_A,1.94,9,37.2,12.952,0
2026-09-11 00:28:24.926560,Machine_B,3.6,10,47.0,21.621,0
2026-09-11 00:28:24.926560,Machine_C,2.25,9,40.7,15.012,0
2026-09-11 00:29:24.926560,Machine_A,1.9,9,38.2,12.658,0
2026-09-11 00:29:24.926560,Machine_B,4.51,9,44.9,30.039,0
2026-09-11 00:29:24.926560,Machine_C,2.26,9,40.0,15.087,0
2026-09-11 00:30:24.926560,Machine_A,2.22,11,39.2,12.1,0
2026-09-11 00:30:24.926560,Machine_B,3.87,10,47.3,23.197,0
2026-09-11 00:30:24.926560,Machine_C,2.56,9,41.4,17.08,0
2026-09-11 00:31:24.926560,Machine_A,2.22,10,38.0,13.326,0
2026-09-11 00:31:24.926560,Machine_B,3.54,9,51.9,23.591,0
2026-09-11 00:31:24.926560,Machine_C,2.29,7,42.2,19.662,0
2026-09-11 00:32:24.926560,Machine_A,2.13,11,36.7,11.633,0
2026-09-11 00:32:24.926560,Machine_B,3.65,9,48.1,24.365,0
2026-09-11 00:32:24.926560,Machine_C,2.35,8,40.9,17.627,0
2026-09-11 00:33:24.926560,Machine_A,2.11,9,38.2,14.094,0
2026-09-11 00:33:24.926560,Machine_B,3.71,9,48.9,24.757,0
2026-09-11 00:33:24.926560,Machine_C,2.86,8,39.2,21.46,0
2026-09-11 00:34:24.926560,Machine_A,2.13,9,37.7,14.208,0
2026-09-11 00:34:24.926560,Machine_B,4.21,9,47.6,28.037,0
2026-09-11 00:34:24.926560,Machine_C,2.51,9,39.8,16.755,0
2026-09-11 00:35:24.926560,Machine_A,2.01,10,40.5,12.047,0
2026-09-11 00:35:24.926560,Machine_B,4.59,9,60.1,30.573,1
2026-09-11 00:35:24.926560,Machine_C,2.56,9,39.8,17.083,0
2026-09-11 00:36:24.926560,Machine_A,2.06,10,40.3,12.351,0
2026-09-11 00:36:24.926560,Machine_B,4.07,10,50.3,24.446,0
2026-09-11 00:36:24.926560,Machine_C,2.47,9,39.7,16.462,0
2026-09-11 00:37:24.926560,Machine_A,2.22,11,38.0,12.108,0
2026-09-11 00:37:24.926560,Machine_B,3.41,8,47.4,25.6,0
2026-09-11 00:37:24.926560,Machine_C,2.54,9,40.8,16.953,0
2026-09-11 00:38:24.926560,Machine_A,2.18,11,36.6,11.902,0
2026-09-11 00:38:24.926560,Machine_B,3.64,9,46.2,24.271,0
2026-09-11 00:38:24.926560,Machine_C,2.6,7,40.8,22.276,0
2026-09-11 00:39:24.926560,Machine_A,2.12,10,38.1,12.735,0
2026-09-11 00:39:24.926560,Machine_B,4.0,9,48.6,26.675,0
2026-09-11 00:39:24.926560,Machine_C,2.48,7,41.3,21.277,0
2026-09-11 00:40:24.926560,Machine_A,2.15,11,36.7,11.737,0
2026-09-11 00:40:24.926560,Machine_B,4.15,8,49.9,31.12,0
2026-09-11 00:40:24.926560,Machine_C,2.41,7,39.6,20.616,0
2026-09-11 00:41:24.926560,Machine_A,2.2,9,40.4,14.67,0
2026-09-11 00:41:24.926560,Machine_B,3.83,8,44.6,28.704,0
2026-09-11 00:41:24.926560,Machine_C,2.3,7,42.1,19.708,0
2026-09-11 00:42:24.926560,Machine_A,2.08,9,37.0,13.841,0
2026-09-11 00:42:24.926560,Machine_B,3.81,10,44.4,22.885,0
2026-09-11 00:42:24.926560,Machine_C,2.47,7,39.5,21.138,0
2026-09-11 00:43:24.926560,Machine_A,2.15,10,37.7,12.913,0
2026-09-11 00:43:24.926560,Machine_B,3.87,10,49.2,23.21,0
2026-09-11 00:43:24.926560,Machine_C,2.56,9,40.0,17.081,0
2026-09-11 00:44:24.926560,Machine_A,2.01,9,36.4,13.383,0
2026-09-11 00:44:24.926560,Machine_B,3.92,10,48.4,23.504,0
2026-09-11 00:44:24.926560,Machine_C,2.57,9,39.5,17.122,0
2026-09-11 00:45:24.926560,Machine_A,2.14,9,37.9,14.238,0
2026-09-11 00:45:24.926560,Machine_B,3.62,10,48.0,21.744,0
2026-09-11 00:45:24.926560,Machine_C,2.33,8,41.1,17.495,0
2026-09-11 00:46:24.926560,Machine_A,2.1,10,38.1,12.595,0
2026-09-11 00:46:24.926560,Machine_B,3.75,10,46.1,22.49,0
2026-09-11 00:46:24.926560,Machine_C,2.33,9,40.2,15.547,0
2026-09-11 00:47:24.926560,Machine_A,2.08,11,41.0,11.355,0
2026-09-11 00:47:24.926560,Machine_B,3.87,9,51.0,25.795,0
2026-09-11 00:47:24.926560,Machine_C,2.52,9,40.6,16.794,0
2026-09-11 00:48:24.926560,Machine_A,2.19,10,36.6,13.127,0
2026-09-11 00:48:24.926560,Machine_B,3.49,9,51.6,23.264,0
2026-09-11 00:48:24.926560,Machine_C,2.44,8,41.8,18.316,0
2026-09-11 00:49:24.926560,Machine_A,2.02,9,38.2,13.46,0
2026-09-11 00:49:24.926560,Machine_B,3.87,8,45.3,29.018,0
2026-09-11 00:49:24.926560,Machine_C,2.61,9,39.6,17.394,0
2026-09-11 00:50:24.926560,Machine_A,2.15,10,35.3,12.879,0
2026-09-11 00:50:24.926560,Machine_B,3.99,9,51.3,26.589,0
2026-09-11 00:50:24.926560,Machine_C,2.47,8,39.5,18.526,0
2026-09-11 00:51:24.926560,Machine_A,2.03,10,35.6,12.165,0
2026-09-11 00:51:24.926560,Machine_B,3.47,9,48.4,23.116,0
2026-09-11 00:51:24.926560,Machine_C,2.88,7,39.2,24.697,0
2026-09-11 00:52:24.926560,Machine_A,2.03,9,38.5,13.556,0
2026-09-11 00:52:24.926560,Machine_B,3.57,9,47.8,23.827,0
2026-09-11 00:52:24.926560,Machine_C,2.31,9,40.5,15.42,0
2026-09-11 00:53:24.926560,Machine_A,2.05,10,39.7,12.318,0
2026-09-11 00:53:24.926560,Machine_B,3.72,10,48.4,22.326,0
2026-09-11 00:53:24.926560,Machine_C,1.91,9,40.3,12.758,0
2026-09-11 00:54:24.926560,Machine_A,2.28,10,39.8,13.651,0
2026-09-11 00:54:24.926560,Machine_B,4.21,9,48.1,28.057,0
2026-09-11 00:54:24.926560,Machine_C,2.25,7,40.9,19.269,0
2026-09-11 00:55:24.926560,Machine_A,2.07,9,38.4,13.817,0
2026-09-11 00:55:24.926560,Machine_B,3.83,9,50.0,25.549,0
2026-09-11 00:55:24.926560,Machine_C,2.25,7,38.3,19.288,0
2026-09-11 00:56:24.926560,Machine_A,2.11,11,38.6,11.502,0
2026-09-11 00:56:24.926560,Machine_B,5.33,9,60.9,35.565,1
2026-09-11 00:56:24.926560,Machine_C,2.49,7,40.1,21.356,0
2026-09-11 00:57:24.926560,Machine_A,2.13,9,37.8,14.2,0
2026-09-11 00:57:24.926560,Machine_B,3.65,10,48.5,21.888,0
2026-09-11 00:57:24.926560,Machine_C,2.14,9,40.3,14.251,0
2026-09-11 00:58:24.926560,Machine_A,1.93,9,39.5,12.899,0
2026-09-11 00:58:24.926560,Machine_B,3.51,10,45.4,21.053,0
2026-09-11 00:58:24.926560,Machine_C,2.34,8,42.2,17.513,0
2026-09-11 00:59:24.926560,Machine_A,2.22,11,39.3,12.133,0
2026-09-11 00:59:24.926560,Machine_B,2.87,10,48.1,17.19,0
2026-09-11 00:59:24.926560,Machine_C,2.43,8,40.6,18.204,0
2026-09-11 01:00:24.926560,Machine_A,2.02,10,40.3,12.149,0
2026-09-11 01:00:24.926560,Machine_B,3.86,9,48.0,25.759,0
2026-09-11 01:00:24.926560,Machine_C,2.5,8,39.6,18.715,0
2026-09-11 01:01:24.926560,Machine_A,2.08,9,40.0,13.884,0
2026-09-11 01:01:24.926560,Machine_B,3.88,8,45.8,29.066,0
2026-09-11 01:01:24.926560,Machine_C,2.91,7,40.7,24.914,0
2026-09-11 01:02:24.926560,Machine_A,2.1,11,37.5,11.463,0
2026-09-11 01:02:24.926560,Machine_B,3.47,8,44.2,26.034,0
2026-09-11 01:02:24.926560,Machine_C,2.39,8,39.4,17.899,0
2026-09-11 01:03:24.926560,Machine_A,2.13,11,38.6,11.641,0
2026-09-11 01:03:24.926560,Machine_B,3.74,9,45.1,24.955,0
2026-09-11 01:03:24.926560,Machine_C,2.4,7,39.4,20.548,0
2026-09-11 01:04:24.926560,Machine_A,2.18,9,36.4,14.558,0
2026-09-11 01:04:24.926560,Machine_B,3.57,8,47.7,26.739,0
2026-09-11 01:04:24.926560,Machine_C,2.18,8,41.1,16.339,0
2026-09-11 01:05:24.926560,Machine_A,2.26,11,39.1,12.314,0
2026-09-11 01:05:24.926560,Machine_B,3.83,8,45.5,28.744,0
2026-09-11 01:05:24.926560,Machine_C,2.6,9,40.5,17.319,0
2026-09-11 01:06:24.926560,Machine_A,2.11,11,36.9,11.484,0
2026-09-11 01:06:24.926560,Machine_B,3.7,8,50.7,27.787,0
2026-09-11 01:06:24.926560,Machine_C,2.31,9,40.2,15.414,0
2026-09-11 01:07:24.926560,Machine_A,2.12,11,36.5,11.537,0
2026-09-11 01:07:24.926560,Machine_B,4.1,8,49.4,30.751,0
2026-09-11 01:07:24.926560,Machine_C,2.52,7,42.2,21.606,0
2026-09-11 01:08:24.926560,Machine_A,2.13,10,40.8,12.784,0
2026-09-11 01:08:24.926560,Machine_B,3.83,10,47.7,23.009,0
2026-09-11 01:08:24.926560,Machine_C,2.42,7,39.4,20.737,0
2026-09-11 01:09:24.926560,Machine_A,2.04,9,37.6,13.573,0
2026-09-11 01:09:24.926560,Machine_B,5.84,10,60.3,35.034,1
2026-09-11 01:09:24.926560,Machine_C,2.57,7,38.7,22.034,0
2026-09-11 01:10:24.926560,Machine_A,2.06,9,39.1,13.726,0
2026-09-11 01:10:24.926560,Machine_B,4.04,10,43.6,24.265,0
2026-09-11 01:10:24.926560,Machine_C,2.63,9,40.5,17.518,0
2026-09-11 01:11:24.926560,Machine_A,2.08,9,37.6,13.893,0
2026-09-11 01:11:24.926560,Machine_B,3.8,10,48.3,22.812,0
2026-09-11 01:11:24.926560,Machine_C,2.42,8,40.7,18.169,0
2026-09-11 01:12:24.926560,Machine_A,2.05,10,34.9,12.283,0
2026-09-11 01:12:24.926560,Machine_B,4.02,9,47.5,26.78,0
2026-09-11 01:12:24.926560,Machine_C,2.54,8,40.4,19.044,0
2026-09-11 01:13:24.926560,Machine_A,2.07,11,39.8,11.27,0
2026-09-11 01:13:24.926560,Machine_B,3.72,8,52.0,27.92,0
2026-09-11 01:13:24.926560,Machine_C,2.46,8,39.7,18.473,0
2026-09-11 01:14:24.926560,Machine_A,2.16,11,39.9,11.773,0
2026-09-11 01:14:24.926560,Machine_B,3.78,8,52.5,28.338,0
2026-09-11 01:14:24.926560,Machine_C,2.73,8,41.0,20.468,0
2026-09-11 01:15:24.926560,Machine_A,2.11,10,37.0,12.657,0
2026-09-11 01:15:24.926560,Machine_B,3.98,8,45.8,29.887,0
2026-09-11 01:15:24.926560,Machine_C,2.38,9,40.8,15.853,0
2026-09-11 01:16:24.926560,Machine_A,2.14,11,38.8,11.658,0
2026-09-11 01:16:24.926560,Machine_B,4.29,10,48.5,25.728,0
2026-09-11 01:16:24.926560,Machine_C,2.59,7,40.4,22.237,0
2026-09-11 01:17:24.926560,Machine_A,2.08,10,37.7,12.489,0
2026-09-11 01:17:24.926560,Machine_B,4.05,10,45.0,24.289,0
2026-09-11 01:17:24.926560,Machine_C,2.56,8,39.0,19.22,0
2026-09-11 01:18:24.926560,Machine_A,2.11,10,35.8,12.674,0
2026-09-11 01:18:24.926560,Machine_B,3.39,8,51.4,25.403,0
2026-09-11 01:18:24.926560,Machine_C,2.47,8,40.8,18.523,0
2026-09-11 01:19:24.926560,Machine_A,2.18,11,39.2,11.897,0
2026-09-11 01:19:24.926560,Machine_B,3.71,8,45.6,27.846,0
2026-09-11 01:19:24.926560,Machine_C,2.47,9,40.2,16.443,0
2026-09-11 01:20:24.926560,Machine_A,2.17,9,37.5,14.454,0
2026-09-11 01:20:24.926560,Machine_B,3.44,10,48.8,20.622,0
2026-09-11 01:20:24.926560,Machine_C,2.71,8,38.3,20.309,0
2026-09-11 01:21:24.926560,Machine_A,2.2,10,39.4,13.197,0
2026-09-11 01:21:24.926560,Machine_B,4.44,8,45.4,33.268,0
2026-09-11 01:21:24.926560,Machine_C,2.37,8,39.9,17.769,0
2026-09-11 01:22:24.926560,Machine_A,2.04,11,37.1,11.106,0
2026-09-11 01:22:24.926560,Machine_B,3.89,10,49.9,23.317,0
2026-09-11 01:22:24.926560,Machine_C,2.37,7,40.0,20.316,0
2026-09-11 01:23:24.926560,Machine_A,2.18,9,36.6,14.554,0
2026-09-11 01:23:24.926560,Machine_B,3.73,8,46.3,27.958,0
2026-09-11 01:23:24.926560,Machine_C,2.5,7,39.4,21.4,0
2026-09-11 01:24:24.926560,Machine_A,2.28,9,37.7,15.174,0
2026-09-11 01:24:24.926560,Machine_B,3.75,10,46.8,22.478,0
2026-09-11 01:24:24.926560,Machine_C,2.71,8,40.5,20.296,0
2026-09-11 01:25:24.926560,Machine_A,1.92,10,38.7,11.547,0
2026-09-11 01:25:24.926560,Machine_B,3.58,8,45.5,26.887,0
2026-09-11 01:25:24.926560,Machine_C,2.23,7,40.7,19.155,0
2026-09-11 01:26:24.926560,Machine_A,2.08,11,38.4,11.323,0
2026-09-11 01:26:24.926560,Machine_B,3.41,10,47.6,20.467,0
2026-09-11 01:26:24.926560,Machine_C,2.47,9,40.6,16.436,0
2026-09-11 01:27:24.926560,Machine_A,2.14,9,38.5,14.275,0
2026-09-11 01:27:24.926560,Machine_B,3.78,10,51.1,22.664,0
2026-09-11 01:27:24.926560,Machine_C,2.64,7,38.5,22.593,0
2026-09-11 01:28:24.926560,Machine_A,2.12,9,35.7,14.102,0
2026-09-11 01:28:24.926560,Machine_B,5.61,8,61.8,42.096,1
2026-09-11 01:28:24.926560,Machine_C,2.7,7,40.8,23.122,0
2026-09-11 01:29:24.926560,Machine_A,2.1,9,35.3,13.992,0
2026-09-11 01:29:24.926560,Machine_B,3.77,8,48.1,28.275,0
2026-09-11 01:29:24.926560,Machine_C,2.27,9,40.8,15.124,0
2026-09-11 01:30:24.926560,Machine_A,2.02,10,38.5,12.098,0
2026-09-11 01:30:24.926560,Machine_B,4.55,8,47.1,34.137,0
2026-09-11 01:30:24.926560,Machine_C,2.35,9,40.5,15.675,0
2026-09-11 01:31:24.926560,Machine_A,2.2,9,36.7,14.699,0
2026-09-11 01:31:24.926560,Machine_B,3.71,9,42.2,24.707,0
2026-09-11 01:31:24.926560,Machine_C,2.44,7,40.5,20.877,0
2026-09-11 01:32:24.926560,Machine_A,2.21,9,40.2,14.755,0
2026-09-11 01:32:24.926560,Machine_B,4.14,8,46.8,31.085,0
2026-09-11 01:32:24.926560,Machine_C,2.55,8,41.2,19.13,0
2026-09-11 01:33:24.926560,Machine_A,2.0,11,35.4,10.91,0
2026-09-11 01:33:24.926560,Machine_B,3.47,10,51.5,20.839,0
2026-09-11 01:33:24.926560,Machine_C,2.27,8,38.6,17.008,0
2026-09-11 01:34:24.926560,Machine_A,2.25,11,38.3,12.279,0
2026-09-11 01:34:24.926560,Machine_B,3.66,9,48.6,24.384,0
2026-09-11 01:34:24.926560,Machine_C,2.42,9,40.5,16.147,0
2026-09-11 01:35:24.926560,Machine_A,2.0,10,39.0,12.027,0
2026-09-11 01:35:24.926560,Machine_B,3.59,9,48.0,23.966,0
2026-09-11 01:35:24.926560,Machine_C,2.42,7,42.2,20.7,0
2026-09-11 01:36:24.926560,Machine_A,1.94,9,38.2,12.964,0
2026-09-11 01:36:24.926560,Machine_B,4.22,8,48.5,31.666,0
2026-09-11 01:36:24.926560,Machine_C,2.45,8,40.8,18.343,0
2026-09-11 01:37:24.926560,Machine_A,2.23,9,37.4,14.862,0
2026-09-11 01:37:24.926560,Machine_B,3.59,10,47.2,21.541,0
2026-09-11 01:37:24.926560,Machine_C,2.39,8,41.9,17.934,0
2026-09-11 01:38:24.926560,Machine_A,2.22,9,38.8,14.82,0
2026-09-11 01:38:24.926560,Machine_B,4.33,10,49.0,25.98,0
2026-09-11 01:38:24.926560,Machine_C,2.24,7,37.7,19.229,0
2026-09-11 01:39:24.926560,Machine_A,2.03,11,40.8,11.059,0
2026-09-11 01:39:24.926560,Machine_B,5.97,9,64.2,39.805,1
2026-09-11 01:39:24.926560,Machine_C,2.47,7,39.7,21.182,0
2026-09-11 01:40:24.926560,Machine_A,2.17,11,37.2,11.822,0
2026-09-11 01:40:24.926560,Machine_B,3.59,9,47.6,23.934,0
2026-09-11 01:40:24.926560,Machine_C,2.69,9,40.1,17.936,0
